date,real_detection_time
10/01/23,19:26:19
10/01/23,19:34:13
10/01/23,20:34:18
10/01/23,20:35:32
10/01/23,20:47:49
10/01/23,20:49:21
10/01/23,20:56:22
10/01/23,21:04:37
10/01/23,21:07:09
10/01/23,21:12:57
10/01/23,21:20:33
10/01/23,21:30:30
10/01/23,21:33:53
10/01/23,21:35:03
10/01/23,21:37:19
10/01/23,21:50:03
10/01/23,22:00:21
10/01/23,22:00:23
10/01/23,22:00:24
10/01/23,22:07:19
10/01/23,22:16:59
10/01/23,22:17:23
10/01/23,22:18:28
10/01/23,22:22:18
10/01/23,22:22:18
10/01/23,22:42:54
10/01/23,22:45:09
10/01/23,22:55:43
10/01/23,22:55:43
10/01/23,22:57:29
10/01/23,23:04:17
10/01/23,23:14:33
10/01/23,23:14:33
10/01/23,23:14:47
10/01/23,23:26:30
10/01/23,23:26:55
10/01/23,23:30:02
10/01/23,23:36:46
10/01/23,23:37:18
10/01/23,23:37:31
10/01/23,23:42:06
10/01/23,23:43:44
10/01/23,23:46:41
10/01/23,23:51:24
10/01/23,23:51:45
10/01/23,23:51:45
10/01/23,23:51:56
10/01/23,23:54:28
10/01/23,23:54:37
10/01/23,0:01:23
10/01/23,0:11:36
10/01/23,0:17:31
10/01/23,0:19:15
10/01/23,0:19:22
10/01/23,0:22:18
10/01/23,0:42:25
10/01/23,0:42:40
10/01/23,1:08:22
10/01/23,1:15:28
10/01/23,1:19:15
10/01/23,1:19:15
10/01/23,1:19:20
10/01/23,1:24:40
10/01/23,1:31:15
10/01/23,1:31:42
10/01/23,1:38:21
10/01/23,1:38:22
10/01/23,1:40:29
10/01/23,1:43:40
10/01/23,1:46:16
10/01/23,1:55:47
10/01/23,2:05:08
10/01/23,2:09:52
10/01/23,2:10:53
10/01/23,2:26:41
10/01/23,2:28:35
10/01/23,2:29:56
10/01/23,2:45:28
10/01/23,2:45:33
10/01/23,3:03:16
10/01/23,3:03:23
10/01/23,3:18:05
10/01/23,3:18:05
10/01/23,3:19:41
10/01/23,3:19:49
10/01/23,3:22:32
10/01/23,3:28:39
10/01/23,3:34:03
10/01/23,3:49:57
10/01/23,3:56:07
10/01/23,3:56:25
10/01/23,3:57:16
10/01/23,3:59:59
10/01/23,4:00:03
10/01/23,4:00:03
10/01/23,4:00:07
10/01/23,4:00:09
10/01/23,4:00:11
10/01/23,4:02:26
10/01/23,4:14:08
10/01/23,4:17:53
10/01/23,4:18:05
10/01/23,4:24:58
10/01/23,4:24:58
10/01/23,4:25:04
10/01/23,4:25:13
10/01/23,4:25:13
10/01/23,4:25:41
10/01/23,4:25:49
10/01/23,4:29:21
10/01/23,4:49:28
10/01/23,4:53:44
10/01/23,4:53:52
10/01/23,4:58:56
10/01/23,5:11:28
10/01/23,5:15:43
10/01/23,5:16:32
10/01/23,5:20:34
10/01/23,5:20:35
10/01/23,5:23:30
10/01/23,5:23:43
10/01/23,5:26:38
10/01/23,5:26:51
10/01/23,5:26:51
10/01/23,5:31:38
10/01/23,5:31:41
10/01/23,5:31:45
10/01/23,5:31:46
10/01/23,5:31:57
10/01/23,5:32:00
10/01/23,5:32:03
10/01/23,5:32:04
10/01/23,5:32:06
10/01/23,5:35:14
10/01/23,5:36:53
10/01/23,5:37:17
10/01/23,5:37:28
10/01/23,5:37:28
10/01/23,5:38:02
10/01/23,5:38:26
10/01/23,5:42:18
10/01/23,6:01:48
10/01/23,6:05:26
10/02/23,19:36:25
10/02/23,19:52:12
10/02/23,19:52:58
10/02/23,20:16:31
10/02/23,20:16:31
10/02/23,21:04:27
10/02/23,21:27:30
10/02/23,21:46:19
10/02/23,22:09:46
10/02/23,22:09:54
10/02/23,22:45:50
10/02/23,22:57:38
10/02/23,23:03:53
10/02/23,23:46:13
10/02/23,23:47:18
10/02/23,23:53:24
10/02/23,0:24:01
10/02/23,0:30:12
10/02/23,0:56:00
10/02/23,1:01:31
10/02/23,1:09:18
10/02/23,1:28:58
10/02/23,1:29:03
10/02/23,1:29:03
10/02/23,1:29:13
10/02/23,1:31:49
10/02/23,1:32:13
10/02/23,1:34:03
10/02/23,1:48:43
10/02/23,1:52:27
10/02/23,2:00:53
10/02/23,2:00:54
10/02/23,2:00:56
10/02/23,2:00:57
10/02/23,2:01:21
10/02/23,2:01:21
10/02/23,2:18:58
10/02/23,2:31:34
10/02/23,3:04:08
10/02/23,3:04:12
10/02/23,3:04:16
10/02/23,3:04:20
10/02/23,3:04:33
10/02/23,3:09:06
10/02/23,3:31:12
10/02/23,3:31:13
10/02/23,3:35:28
10/02/23,3:41:58
10/02/23,3:42:12
10/02/23,4:02:43
10/02/23,4:09:11
10/02/23,4:21:57
10/02/23,4:26:06
10/02/23,4:39:05
10/02/23,4:51:15
10/02/23,4:53:39
10/02/23,4:57:59
10/02/23,4:57:59
10/02/23,5:08:45
10/02/23,5:10:17
10/02/23,5:10:18
10/02/23,5:10:33
10/02/23,5:13:07
10/02/23,5:14:45
10/02/23,5:14:46
10/02/23,5:29:28
10/02/23,5:32:48
10/02/23,5:33:52
10/02/23,5:34:44
10/02/23,5:35:23
10/02/23,5:49:21
10/02/23,6:06:19
10/03/23,19:52:39
10/03/23,19:56:42
10/03/23,19:59:33
10/03/23,20:27:08
10/03/23,20:27:58
10/03/23,20:27:59
10/03/23,20:28:02
10/03/23,20:28:31
10/03/23,20:28:31
10/03/23,20:33:23
10/03/23,20:33:38
10/03/23,21:54:23
10/03/23,21:54:35
10/03/23,22:07:43
10/03/23,22:55:25
10/03/23,22:57:08
10/03/23,23:28:08
10/03/23,0:29:06
10/03/23,1:20:46
10/03/23,2:01:35
10/03/23,2:06:56
10/03/23,2:15:16
10/03/23,2:31:40
10/03/23,2:31:42
10/03/23,2:31:45
10/03/23,2:31:47
10/03/23,2:32:00
10/03/23,2:32:02
10/03/23,2:32:04
10/03/23,2:32:18
10/03/23,2:33:15
10/03/23,2:44:05
10/03/23,2:44:05
10/03/23,2:50:44
10/03/23,2:50:58
10/03/23,2:51:17
10/03/23,3:08:24
10/03/23,3:15:31
10/03/23,3:19:12
10/03/23,3:19:18
10/03/23,3:23:57
10/03/23,3:27:11
10/03/23,3:27:12
10/03/23,3:31:14
10/03/23,3:33:25
10/03/23,3:37:03
10/03/23,3:47:23
10/03/23,3:59:57
10/03/23,4:20:45
10/03/23,4:28:10
10/03/23,4:33:01
10/03/23,4:46:50
10/03/23,4:50:24
10/03/23,5:08:05
10/03/23,5:39:02
10/03/23,6:03:00
10/03/23,6:04:11
10/03/23,6:04:14
10/03/23,6:06:17
10/04/23,20:04:26
10/04/23,20:08:29
10/04/23,20:40:37
10/04/23,20:46:31
10/04/23,20:50:45
10/04/23,21:08:08
10/04/23,21:11:24
10/04/23,21:29:44
10/04/23,21:32:46
10/04/23,21:34:49
10/04/23,21:48:02
10/04/23,21:50:16
10/04/23,22:11:41
10/04/23,22:24:15
10/04/23,22:36:08
10/04/23,22:53:05
10/04/23,23:04:39
10/04/23,23:21:02
10/04/23,23:23:46
10/04/23,23:55:36
10/04/23,23:56:26
10/05/23,18:51:19
10/05/23,18:55:49
10/05/23,19:08:08
10/05/23,19:51:16
10/05/23,19:51:37
10/05/23,19:57:55
10/05/23,20:00:16
10/05/23,20:12:18
10/05/23,20:20:47
10/05/23,20:24:21
10/05/23,20:54:20
10/05/23,21:00:06
10/05/23,21:13:56
10/05/23,21:17:35
10/05/23,21:32:24
10/05/23,21:32:53
10/05/23,21:35:58
10/05/23,22:21:27
10/05/23,22:22:20
10/05/23,22:33:54
10/05/23,22:41:20
10/05/23,22:46:55
10/05/23,22:50:37
10/05/23,22:59:11
10/05/23,22:59:19
10/05/23,22:59:20
10/05/23,23:02:53
10/05/23,23:05:56
10/05/23,23:12:00
10/05/23,23:14:13
10/05/23,23:20:40
10/05/23,0:09:24
10/05/23,0:15:09
10/05/23,0:19:07
10/05/23,0:20:06
10/05/23,0:28:47
10/05/23,0:41:44
10/05/23,0:58:27
10/05/23,1:00:36
10/05/23,1:17:08
10/05/23,1:19:45
10/05/23,1:28:40
10/05/23,1:36:18
10/05/23,1:40:37
10/05/23,1:43:31
10/05/23,1:49:01
10/05/23,1:56:31
10/05/23,1:57:59
10/05/23,2:07:48
10/05/23,2:14:19
10/05/23,2:24:46
10/05/23,2:28:22
10/05/23,2:32:12
10/05/23,2:43:04
10/05/23,2:43:13
10/05/23,2:44:03
10/05/23,2:44:45
10/05/23,3:00:33
10/05/23,3:00:42
10/05/23,3:05:22
10/05/23,3:06:54
10/05/23,3:12:32
10/05/23,3:14:30
10/05/23,3:16:20
10/05/23,3:34:30
10/05/23,3:44:37
10/05/23,3:46:05
10/05/23,3:56:45
10/05/23,4:01:03
10/05/23,4:03:24
10/05/23,4:09:48
10/05/23,4:22:29
10/05/23,4:31:10
10/05/23,4:38:40
10/05/23,4:42:02
10/05/23,4:45:51
10/05/23,5:00:42
10/05/23,5:01:49
10/05/23,5:06:49
10/05/23,5:08:22
10/05/23,5:10:09
10/05/23,5:14:13
10/05/23,5:20:10
10/05/23,5:40:32
10/06/23,18:42:19
10/06/23,18:56:33
10/06/23,19:11:58
10/06/23,19:12:47
10/06/23,19:21:55
10/06/23,19:29:00
10/06/23,19:32:39
10/06/23,19:41:52
10/06/23,19:44:09
10/06/23,19:47:57
10/06/23,19:57:00
10/06/23,19:58:03
10/06/23,20:04:11
10/06/23,20:12:37
10/06/23,20:14:41
10/06/23,20:18:53
10/06/23,20:20:25
10/06/23,20:36:29
10/06/23,20:40:25
10/06/23,21:01:36
10/06/23,21:08:08
10/06/23,21:18:04
10/06/23,21:33:14
10/06/23,21:56:55
10/06/23,21:58:53
10/06/23,22:04:27
10/06/23,22:05:05
10/06/23,22:07:08
10/06/23,22:07:11
10/06/23,22:07:14
10/06/23,22:07:22
10/06/23,22:07:25
10/06/23,22:07:28
10/06/23,22:07:32
10/06/23,22:07:36
10/06/23,22:09:02
10/06/23,22:18:11
10/06/23,22:21:24
10/06/23,22:24:11
10/06/23,22:35:55
10/06/23,22:35:55
10/06/23,22:42:10
10/06/23,22:42:10
10/06/23,22:43:10
10/06/23,22:47:09
10/06/23,22:49:01
10/06/23,23:00:03
10/06/23,23:11:44
10/06/23,23:11:44
10/06/23,23:12:48
10/06/23,23:14:30
10/06/23,23:31:09
10/06/23,23:38:38
10/06/23,23:40:14
10/06/23,23:40:21
10/06/23,23:40:24
10/06/23,23:40:29
10/06/23,23:43:53
10/06/23,23:46:15
10/06/23,23:51:44
10/06/23,23:57:49
10/06/23,23:58:46
10/06/23,0:02:06
10/06/23,0:02:07
10/06/23,0:02:19
10/06/23,0:02:37
10/06/23,0:03:28
10/06/23,0:03:28
10/06/23,0:05:26
10/06/23,0:05:26
10/06/23,0:07:03
10/06/23,0:08:21
10/06/23,0:10:04
10/06/23,0:13:24
10/06/23,0:23:29
10/06/23,0:23:36
10/06/23,0:24:38
10/06/23,0:28:58
10/06/23,0:33:11
10/06/23,0:35:30
10/06/23,0:36:26
10/06/23,0:36:41
10/06/23,0:43:47
10/06/23,0:50:38
10/06/23,0:58:00
10/06/23,1:04:18
10/06/23,1:06:23
10/06/23,1:06:29
10/06/23,1:12:13
10/06/23,1:12:33
10/06/23,1:13:21
10/06/23,1:23:31
10/06/23,1:25:20
10/06/23,1:25:21
10/06/23,1:25:22
10/06/23,1:25:26
10/06/23,1:25:28
10/06/23,1:25:28
10/06/23,1:25:39
10/06/23,1:25:40
10/06/23,1:25:42
10/06/23,1:25:43
10/06/23,1:25:47
10/06/23,1:29:47
10/06/23,1:30:20
10/06/23,1:32:40
10/06/23,1:37:52
10/06/23,1:45:04
10/06/23,1:45:27
10/06/23,1:45:39
10/06/23,1:47:01
10/06/23,1:47:55
10/06/23,1:53:40
10/06/23,1:57:40
10/06/23,1:57:50
10/06/23,1:59:25
10/06/23,2:08:03
10/06/23,2:09:07
10/06/23,2:17:59
10/06/23,2:27:45
10/06/23,2:30:41
10/06/23,2:35:12
10/06/23,2:35:13
10/06/23,2:35:57
10/06/23,2:41:58
10/06/23,2:43:29
10/06/23,2:44:14
10/06/23,2:44:37
10/06/23,2:50:10
10/06/23,2:53:35
10/06/23,3:01:41
10/06/23,3:02:59
10/06/23,3:09:11
10/06/23,3:15:33
10/06/23,3:15:34
10/06/23,3:15:41
10/06/23,3:18:31
10/06/23,3:20:43
10/06/23,3:22:20
10/06/23,3:26:58
10/06/23,3:36:15
10/06/23,3:37:54
10/06/23,3:37:59
10/06/23,3:44:29
10/06/23,3:48:49
10/06/23,3:49:02
10/06/23,3:49:04
10/06/23,3:49:12
10/06/23,3:49:12
10/06/23,3:49:40
10/06/23,3:56:44
10/06/23,3:58:28
10/06/23,4:05:00
10/06/23,4:09:31
10/06/23,4:16:59
10/06/23,4:18:27
10/06/23,4:22:19
10/06/23,4:25:35
10/06/23,4:29:31
10/06/23,4:44:37
10/06/23,4:50:17
10/06/23,4:51:34
10/06/23,4:55:01
10/06/23,4:55:03
10/06/23,4:55:12
10/06/23,4:57:13
10/06/23,5:01:21
10/06/23,5:02:30
10/06/23,5:03:29
10/06/23,5:07:28
10/06/23,5:20:19
10/06/23,5:24:08
10/06/23,5:35:37
10/06/23,5:42:58
10/06/23,5:45:02
10/06/23,5:46:13
10/06/23,5:46:15
10/06/23,5:49:27
10/06/23,5:56:23
10/06/23,6:01:45
10/06/23,6:10:01
10/06/23,6:15:20
10/06/23,6:23:23
10/06/23,6:23:40
10/06/23,6:26:49
10/06/23,6:26:50
10/06/23,6:26:52
10/06/23,6:35:22
10/07/23,18:49:20
10/07/23,19:05:52
10/07/23,19:15:46
10/07/23,19:22:36
10/07/23,19:39:50
10/07/23,19:56:22
10/07/23,20:10:10
10/07/23,20:18:23
10/07/23,20:21:47
10/07/23,20:42:39
10/07/23,20:44:08
10/07/23,20:51:48
10/07/23,20:58:49
10/07/23,21:05:07
10/07/23,21:06:35
10/07/23,21:09:49
10/07/23,21:09:56
10/07/23,21:09:56
10/07/23,21:10:03
10/07/23,21:12:36
10/07/23,21:13:15
10/07/23,21:16:09
10/07/23,21:19:12
10/07/23,21:23:36
10/07/23,21:23:38
10/07/23,21:23:38
10/07/23,21:27:46
10/07/23,21:33:17
10/07/23,21:35:55
10/07/23,21:35:55
10/07/23,21:42:58
10/07/23,21:52:41
10/07/23,21:52:41
10/07/23,21:53:22
10/07/23,21:54:45
10/07/23,21:59:47
10/07/23,22:15:29
10/07/23,22:18:35
10/07/23,22:19:17
10/07/23,22:20:25
10/07/23,22:29:35
10/07/23,22:31:29
10/07/23,22:48:54
10/07/23,23:00:59
10/07/23,23:04:24
10/07/23,23:14:26
10/07/23,23:16:50
10/07/23,23:18:02
10/07/23,23:22:40
10/07/23,23:27:00
10/07/23,23:28:32
10/07/23,23:29:02
10/07/23,23:32:17
10/07/23,23:33:19
10/07/23,23:38:23
10/07/23,23:41:50
10/07/23,23:52:49
10/07/23,23:53:05
10/07/23,23:55:49
10/07/23,0:01:57
10/07/23,0:03:37
10/07/23,0:03:38
10/07/23,0:05:11
10/07/23,0:06:12
10/07/23,0:10:59
10/07/23,0:11:11
10/07/23,0:12:07
10/07/23,0:17:24
10/07/23,0:18:46
10/07/23,0:20:04
10/07/23,0:20:05
10/07/23,0:21:08
10/07/23,0:21:19
10/07/23,0:23:56
10/07/23,0:24:35
10/07/23,0:24:49
10/07/23,0:31:26
10/07/23,0:33:12
10/07/23,0:36:45
10/07/23,0:37:14
10/07/23,0:42:53
10/07/23,0:43:47
10/07/23,0:56:13
10/07/23,0:57:35
10/07/23,1:01:31
10/07/23,1:03:23
10/07/23,1:15:24
10/07/23,1:19:04
10/07/23,1:21:18
10/07/23,1:23:55
10/07/23,1:38:47
10/07/23,1:38:48
10/07/23,1:43:35
10/07/23,1:50:25
10/07/23,1:51:33
10/07/23,1:56:18
10/07/23,1:56:46
10/07/23,2:01:05
10/07/23,2:08:58
10/07/23,2:15:03
10/07/23,2:15:39
10/07/23,2:21:26
10/07/23,2:32:58
10/07/23,2:33:47
10/07/23,2:34:58
10/07/23,2:36:29
10/07/23,2:36:41
10/07/23,2:51:33
10/07/23,2:51:56
10/07/23,2:51:57
10/07/23,2:52:15
10/07/23,2:56:43
10/07/23,3:03:45
10/07/23,3:03:45
10/07/23,3:13:07
10/07/23,3:25:16
10/07/23,3:25:18
10/07/23,3:47:12
10/07/23,3:51:42
10/07/23,3:51:43
10/07/23,3:52:47
10/07/23,4:19:28
10/07/23,4:20:25
10/07/23,4:25:34
10/07/23,5:02:25
10/07/23,5:10:54
10/07/23,5:29:53
10/07/23,5:31:39
10/07/23,5:42:10
10/07/23,5:46:52
10/07/23,5:52:30
10/07/23,5:58:40
10/07/23,6:00:16
10/07/23,6:13:42
10/07/23,6:14:20
10/07/23,6:25:58
10/07/23,6:26:52
10/07/23,6:41:51
10/08/23,18:41:23
10/08/23,18:41:31
10/08/23,18:46:59
10/08/23,18:52:19
10/08/23,18:52:19
10/08/23,18:52:44
10/08/23,19:01:46
10/08/23,19:07:49
10/08/23,19:11:52
10/08/23,19:19:48
10/08/23,19:29:53
10/08/23,19:31:17
10/08/23,19:34:07
10/08/23,19:44:55
10/08/23,19:50:01
10/08/23,19:53:55
10/08/23,19:59:03
10/08/23,20:02:25
10/08/23,20:06:49
10/08/23,20:09:48
10/08/23,20:15:14
10/08/23,20:25:33
10/08/23,20:26:07
10/08/23,20:29:33
10/08/23,20:46:53
10/08/23,20:48:07
10/08/23,21:02:46
10/08/23,21:06:11
10/08/23,21:10:23
10/08/23,21:12:06
10/08/23,21:12:07
10/08/23,21:13:10
10/08/23,21:13:10
10/08/23,21:21:44
10/08/23,21:23:34
10/08/23,21:27:10
10/08/23,21:30:08
10/08/23,21:31:30
10/08/23,21:32:23
10/08/23,21:34:54
10/08/23,21:35:42
10/08/23,21:43:58
10/08/23,21:45:16
10/08/23,21:45:57
10/08/23,21:51:10
10/08/23,21:52:11
10/08/23,21:58:20
10/08/23,22:04:13
10/08/23,22:10:44
10/08/23,22:22:15
10/08/23,22:28:18
10/08/23,22:29:20
10/08/23,22:29:29
10/08/23,22:43:37
10/08/23,22:50:43
10/08/23,22:52:19
10/08/23,23:04:31
10/08/23,23:04:32
10/08/23,23:06:03
10/08/23,23:16:02
10/08/23,23:22:30
10/08/23,23:24:54
10/08/23,23:26:02
10/08/23,23:26:03
10/08/23,23:34:21
10/08/23,23:35:52
10/08/23,23:39:14
10/08/23,23:41:32
10/08/23,23:47:03
10/08/23,23:48:45
10/08/23,23:50:03
10/08/23,23:53:16
10/08/23,23:57:30
10/08/23,23:57:45
10/08/23,0:01:12
10/08/23,0:02:09
10/08/23,0:03:43
10/08/23,0:04:59
10/08/23,0:07:54
10/08/23,0:10:10
10/08/23,0:14:09
10/08/23,0:18:15
10/08/23,0:18:34
10/08/23,0:20:30
10/08/23,0:24:26
10/08/23,0:26:37
10/08/23,0:27:21
10/08/23,0:28:42
10/08/23,0:39:21
10/08/23,0:41:37
10/08/23,0:51:16
10/08/23,1:02:49
10/08/23,1:11:19
10/08/23,1:16:04
10/08/23,1:17:41
10/08/23,1:17:41
10/08/23,1:17:42
10/08/23,1:20:26
10/08/23,1:21:28
10/08/23,1:26:20
10/08/23,1:29:03
10/08/23,1:30:42
10/08/23,1:36:16
10/08/23,1:36:16
10/08/23,1:36:26
10/08/23,1:36:55
10/08/23,1:36:55
10/08/23,1:42:25
10/08/23,1:43:27
10/08/23,1:49:44
10/08/23,1:54:40
10/08/23,1:54:45
10/08/23,1:55:01
10/08/23,2:05:23
10/08/23,2:12:18
10/08/23,2:26:00
10/08/23,2:30:36
10/08/23,2:33:51
10/08/23,2:35:00
10/08/23,2:37:02
10/08/23,2:50:57
10/08/23,2:51:18
10/08/23,2:54:11
10/08/23,2:55:19
10/08/23,3:13:18
10/08/23,3:20:40
10/08/23,3:22:56
10/08/23,3:33:47
10/08/23,3:36:27
10/08/23,3:39:40
10/08/23,3:46:03
10/08/23,3:50:15
10/08/23,3:55:58
10/08/23,3:59:47
10/08/23,4:01:46
10/08/23,4:02:56
10/08/23,4:33:18
10/08/23,4:33:58
10/08/23,4:37:11
10/08/23,4:38:19
10/08/23,4:38:59
10/08/23,4:48:56
10/08/23,4:54:23
10/08/23,4:54:24
10/08/23,4:56:08
10/08/23,4:57:27
10/08/23,4:58:54
10/08/23,5:00:49
10/08/23,5:11:11
10/08/23,5:11:12
10/08/23,5:18:16
10/08/23,5:22:12
10/08/23,5:34:03
10/08/23,5:34:12
10/08/23,5:40:06
10/08/23,5:47:13
10/08/23,5:51:07
10/08/23,5:51:33
10/08/23,5:55:47
10/08/23,6:02:42
10/08/23,6:05:31
10/08/23,6:21:59
10/08/23,6:33:05
10/09/23,18:40:16
10/09/23,18:47:19
10/09/23,18:55:35
10/09/23,19:00:38
10/09/23,19:10:10
10/09/23,19:11:54
10/09/23,19:13:10
10/09/23,19:14:43
10/09/23,19:17:05
10/09/23,19:25:06
10/09/23,19:26:19
10/09/23,19:30:20
10/09/23,19:34:45
10/09/23,19:36:45
10/09/23,19:38:05
10/09/23,19:47:34
10/09/23,19:56:47
10/09/23,20:16:16
10/09/23,20:18:32
10/09/23,20:19:54
10/09/23,20:22:00
10/09/23,20:22:00
10/09/23,20:23:05
10/09/23,20:23:57
10/09/23,20:26:43
10/09/23,20:28:45
10/09/23,20:29:13
10/09/23,20:31:38
10/09/23,20:35:11
10/09/23,20:35:11
10/09/23,20:39:26
10/09/23,20:39:26
10/09/23,20:45:44
10/09/23,20:57:37
10/09/23,20:59:08
10/09/23,21:02:52
10/09/23,21:06:11
10/09/23,21:06:30
10/09/23,21:13:36
10/09/23,21:26:42
10/09/23,21:31:04
10/09/23,21:31:04
10/09/23,21:32:42
10/09/23,21:44:46
10/09/23,21:46:24
10/09/23,21:46:40
10/09/23,21:54:08
10/09/23,22:03:59
10/09/23,22:05:04
10/09/23,22:05:43
10/09/23,22:15:45
10/09/23,22:21:09
10/09/23,22:23:08
10/09/23,22:26:32
10/09/23,22:27:02
10/09/23,22:34:14
10/09/23,22:36:34
10/09/23,22:37:06
10/09/23,22:42:39
10/09/23,22:46:01
10/09/23,22:46:58
10/09/23,22:47:00
10/09/23,22:47:39
10/09/23,22:48:20
10/09/23,22:50:14
10/09/23,23:12:02
10/09/23,23:12:02
10/09/23,23:14:45
10/09/23,23:16:14
10/09/23,23:16:53
10/09/23,23:19:07
10/09/23,23:27:22
10/09/23,23:29:45
10/09/23,23:36:31
10/09/23,23:44:36
10/09/23,23:46:45
10/09/23,23:48:50
10/09/23,23:56:34
10/09/23,0:01:00
10/09/23,0:06:18
10/09/23,0:16:16
10/09/23,0:30:02
10/09/23,0:38:26
10/09/23,1:17:49
10/09/23,1:24:40
10/09/23,1:30:23
10/09/23,1:30:23
10/09/23,1:35:48
10/09/23,1:36:59
10/09/23,1:38:43
10/09/23,1:47:45
10/09/23,1:49:44
10/09/23,1:49:47
10/09/23,1:49:59
10/09/23,1:52:14
10/09/23,1:56:47
10/09/23,2:13:31
10/09/23,2:22:06
10/09/23,2:26:37
10/09/23,2:26:47
10/09/23,2:29:21
10/09/23,2:29:21
10/09/23,2:29:23
10/09/23,2:29:24
10/09/23,2:29:52
10/09/23,2:35:03
10/09/23,2:36:58
10/09/23,2:39:36
10/09/23,3:02:58
10/09/23,3:02:58
10/09/23,3:16:43
10/09/23,3:24:53
10/09/23,3:30:43
10/09/23,3:33:06
10/09/23,3:35:52
10/09/23,3:39:45
10/09/23,3:42:57
10/09/23,4:11:34
10/09/23,4:14:47
10/09/23,4:20:11
10/09/23,4:20:48
10/09/23,4:27:04
10/09/23,4:27:31
10/09/23,4:33:22
10/09/23,4:33:23
10/09/23,4:37:29
10/09/23,4:45:59
10/09/23,4:47:25
10/09/23,5:05:11
10/09/23,5:13:48
10/09/23,5:35:15
10/09/23,5:39:14
10/09/23,5:47:47
10/09/23,6:14:03
10/09/23,6:39:25
10/10/23,18:53:12
10/10/23,18:59:16
10/10/23,19:07:01
10/10/23,19:14:27
10/10/23,19:15:36
10/10/23,19:15:45
10/10/23,19:24:15
10/10/23,19:33:04
10/10/23,19:34:39
10/10/23,19:55:32
10/10/23,19:57:56
10/10/23,19:58:45
10/10/23,19:58:52
10/10/23,20:01:42
10/10/23,20:04:27
10/10/23,20:05:35
10/10/23,20:05:35
10/10/23,20:12:00
10/10/23,20:14:34
10/10/23,20:21:07
10/10/23,20:22:34
10/10/23,20:25:16
10/10/23,20:26:44
10/10/23,20:26:55
10/10/23,20:32:38
10/10/23,20:32:45
10/10/23,20:34:35
10/10/23,20:39:00
10/10/23,20:43:27
10/10/23,20:45:51
10/10/23,20:47:13
10/10/23,21:00:17
10/10/23,21:17:16
10/10/23,21:26:49
10/10/23,21:28:53
10/10/23,21:57:14
10/10/23,22:06:27
10/10/23,22:12:09
10/10/23,22:21:54
10/10/23,22:32:07
10/10/23,22:37:11
10/10/23,22:37:18
10/10/23,22:42:16
10/10/23,22:46:03
10/10/23,22:54:19
10/10/23,22:55:59
10/10/23,22:57:35
10/10/23,23:00:26
10/10/23,23:02:53
10/10/23,23:09:28
10/10/23,23:09:28
10/10/23,23:18:34
10/10/23,23:29:15
10/10/23,23:31:58
10/10/23,23:32:53
10/10/23,23:40:04
10/10/23,23:42:36
10/10/23,23:46:33
10/10/23,23:47:36
10/10/23,23:53:37
10/10/23,23:54:12
10/10/23,0:01:46
10/10/23,0:01:49
10/10/23,0:07:29
10/10/23,0:17:10
10/10/23,0:17:37
10/10/23,0:30:11
10/10/23,0:34:46
10/10/23,0:41:42
10/10/23,0:47:10
10/10/23,1:03:47
10/10/23,1:05:56
10/10/23,1:08:11
10/10/23,1:16:42
10/10/23,1:30:52
10/10/23,1:42:31
10/10/23,1:45:56
10/10/23,1:57:56
10/10/23,2:03:29
10/10/23,2:09:50
10/10/23,2:10:14
10/10/23,2:42:53
10/10/23,2:52:00
10/10/23,3:03:18
10/10/23,3:08:10
10/10/23,3:15:56
10/10/23,3:17:06
10/10/23,3:20:49
10/10/23,3:21:42
10/10/23,3:22:15
10/10/23,3:32:40
10/10/23,3:40:20
10/10/23,3:47:28
10/10/23,3:53:28
10/10/23,3:54:31
10/10/23,3:56:44
10/10/23,3:56:45
10/10/23,3:59:15
10/10/23,4:05:28
10/10/23,4:06:20
10/10/23,4:08:37
10/10/23,4:12:16
10/10/23,4:18:55
10/10/23,4:21:33
10/10/23,4:31:16
10/10/23,4:49:40
10/10/23,4:55:54
10/10/23,5:04:48
10/10/23,5:12:04
10/10/23,5:13:47
10/10/23,5:17:50
10/10/23,5:20:26
10/10/23,5:24:39
10/10/23,5:31:42
10/10/23,5:33:36
10/10/23,5:33:48
10/10/23,5:38:57
10/10/23,5:52:10
10/10/23,5:55:47
10/10/23,6:01:42
10/10/23,6:03:27
10/10/23,6:21:40
10/10/23,6:23:39
10/10/23,6:31:45
10/10/23,6:34:44
10/10/23,6:35:56
10/10/23,6:36:25
10/10/23,6:39:59
10/10/23,6:40:16
10/10/23,6:41:07
10/11/23,18:41:24
10/11/23,18:47:43
10/11/23,19:10:14
10/11/23,19:10:14
10/11/23,19:21:49
10/11/23,19:24:27
10/11/23,20:08:04
10/11/23,20:28:13
10/11/23,20:32:52
10/11/23,20:33:11
10/11/23,20:57:25
10/11/23,21:11:00
10/11/23,21:16:13
10/11/23,21:16:14
10/11/23,21:27:30
10/11/23,21:28:47
10/11/23,21:45:44
10/11/23,21:46:26
10/11/23,21:46:27
10/11/23,22:00:09
10/11/23,22:16:10
10/11/23,22:16:31
10/11/23,22:17:34
10/11/23,22:19:15
10/11/23,22:19:17
10/11/23,22:19:19
10/11/23,22:28:40
10/11/23,22:44:05
10/11/23,22:49:44
10/11/23,22:50:34
10/11/23,22:51:59
10/11/23,22:59:13
10/11/23,22:59:21
10/11/23,22:59:27
10/11/23,23:02:11
10/11/23,23:04:12
10/11/23,23:07:10
10/11/23,23:09:27
10/11/23,23:09:31
10/11/23,23:09:32
10/11/23,23:16:17
10/11/23,23:20:56
10/11/23,23:27:19
10/11/23,23:30:13
10/11/23,23:30:32
10/11/23,23:31:27
10/11/23,23:43:44
10/11/23,23:46:14
10/11/23,23:47:32
10/11/23,23:49:03
10/11/23,23:55:06
10/11/23,23:56:59
10/11/23,0:03:09
10/11/23,0:12:43
10/11/23,0:21:18
10/11/23,0:29:00
10/11/23,0:41:18
10/11/23,0:42:33
10/11/23,0:49:36
10/11/23,0:50:38
10/11/23,0:50:38
10/11/23,0:53:07
10/11/23,1:05:13
10/11/23,1:09:57
10/11/23,1:10:06
10/11/23,1:10:11
10/11/23,1:10:13
10/11/23,1:10:40
10/11/23,1:11:13
10/11/23,1:12:46
10/11/23,1:13:19
10/11/23,1:18:03
10/11/23,1:20:21
10/11/23,1:22:07
10/11/23,1:22:07
10/11/23,1:23:40
10/11/23,1:36:48
10/11/23,1:36:55
10/11/23,1:36:55
10/11/23,1:37:06
10/11/23,1:37:06
10/11/23,1:40:37
10/11/23,1:44:47
10/11/23,1:56:41
10/11/23,1:56:43
10/11/23,2:01:41
10/11/23,2:13:15
10/11/23,2:18:20
10/11/23,2:27:36
10/11/23,2:28:55
10/11/23,2:28:56
10/11/23,2:29:05
10/11/23,2:29:05
10/11/23,2:29:36
10/11/23,2:31:45
10/11/23,2:34:04
10/11/23,2:36:36
10/11/23,2:38:55
10/11/23,2:39:29
10/11/23,3:24:30
10/11/23,3:29:52
10/11/23,3:30:20
10/11/23,3:41:10
10/11/23,3:41:13
10/11/23,3:46:14
10/11/23,3:48:38
10/11/23,3:54:38
10/11/23,4:05:35
10/11/23,4:09:56
10/11/23,4:10:52
10/11/23,4:14:43
10/11/23,4:21:33
10/11/23,4:21:34
10/11/23,4:24:04
10/11/23,4:30:52
10/11/23,4:31:40
10/11/23,4:31:48
10/11/23,4:33:38
10/11/23,4:34:04
10/11/23,4:34:27
10/11/23,4:39:33
10/11/23,4:47:38
10/11/23,4:48:33
10/11/23,4:50:40
10/11/23,4:50:42
10/11/23,4:50:46
10/11/23,4:53:48
10/11/23,5:03:16
10/11/23,5:05:25
10/11/23,5:06:27
10/11/23,5:10:57
10/11/23,5:12:04
10/11/23,5:13:06
10/11/23,5:23:45
10/11/23,5:26:34
10/11/23,5:28:26
10/11/23,5:32:03
10/11/23,5:36:04
10/11/23,5:47:33
10/11/23,5:52:14
10/11/23,5:56:48
10/11/23,6:00:57
10/11/23,6:01:19
10/11/23,6:05:35
10/11/23,6:08:45
10/11/23,6:10:00
10/11/23,6:11:31
10/11/23,6:24:39
10/11/23,6:25:06
10/11/23,6:25:24
10/11/23,6:29:47
10/11/23,6:37:33
10/12/23,18:46:38
10/12/23,18:46:52
10/12/23,18:53:30
10/12/23,18:53:36
10/12/23,18:55:24
10/12/23,19:23:38
10/12/23,19:26:59
10/12/23,19:40:33
10/12/23,19:50:19
10/12/23,20:00:35
10/12/23,20:00:48
10/12/23,20:11:40
10/12/23,20:13:35
10/12/23,20:17:37
10/12/23,20:22:28
10/12/23,20:29:23
10/12/23,20:37:56
10/12/23,20:40:09
10/12/23,20:49:55
10/12/23,20:57:54
10/12/23,21:25:29
10/12/23,22:02:42
10/12/23,22:02:53
10/12/23,22:07:34
10/12/23,22:25:31
10/12/23,22:25:32
10/12/23,22:26:00
10/12/23,22:37:09
10/12/23,22:38:49
10/12/23,22:38:49
10/12/23,22:44:36
10/12/23,22:47:29
10/12/23,22:48:08
10/12/23,22:51:06
10/12/23,22:56:31
10/12/23,23:02:12
10/12/23,23:02:31
10/12/23,23:08:57
10/12/23,23:12:10
10/12/23,23:14:18
10/12/23,23:14:38
10/12/23,23:18:27
10/12/23,23:19:43
10/12/23,23:21:52
10/12/23,23:32:43
10/12/23,23:38:57
10/12/23,23:49:57
10/12/23,23:51:34
10/12/23,23:52:15
10/12/23,23:53:46
10/12/23,0:03:38
10/12/23,0:11:21
10/12/23,0:12:19
10/12/23,0:17:09
10/12/23,0:18:34
10/12/23,0:23:47
10/12/23,0:34:23
10/12/23,0:35:20
10/12/23,0:35:21
10/12/23,0:36:37
10/12/23,0:50:54
10/12/23,0:50:57
10/12/23,0:50:58
10/12/23,0:51:05
10/12/23,0:51:05
10/12/23,0:54:17
10/12/23,0:54:43
10/12/23,0:57:08
10/12/23,1:02:26
10/12/23,1:03:59
10/12/23,1:04:32
10/12/23,1:04:33
10/12/23,1:04:33
10/12/23,1:04:34
10/12/23,1:04:35
10/12/23,1:04:37
10/12/23,1:04:37
10/12/23,1:04:39
10/12/23,1:04:39
10/12/23,1:05:48
10/12/23,1:05:49
10/12/23,1:05:57
10/12/23,1:06:30
10/12/23,1:06:31
10/12/23,1:06:35
10/12/23,1:06:35
10/12/23,1:06:38
10/12/23,1:06:55
10/12/23,1:09:29
10/12/23,1:09:34
10/12/23,1:09:38
10/12/23,1:09:45
10/12/23,1:09:46
10/12/23,1:09:50
10/12/23,1:10:32
10/12/23,1:11:27
10/12/23,1:12:16
10/12/23,1:13:40
10/12/23,1:15:25
10/12/23,1:16:01
10/12/23,1:27:32
10/12/23,1:27:40
10/12/23,1:28:28
10/12/23,1:28:49
10/12/23,1:28:53
10/12/23,1:29:09
10/12/23,1:30:25
10/12/23,1:31:19
10/12/23,1:35:32
10/12/23,1:37:09
10/12/23,1:38:27
10/12/23,1:38:32
10/12/23,1:38:43
10/12/23,1:39:26
10/12/23,1:39:30
10/12/23,1:39:33
10/12/23,1:40:09
10/12/23,1:40:13
10/12/23,1:40:16
10/12/23,1:40:30
10/12/23,1:40:33
10/12/23,1:40:34
10/12/23,1:42:50
10/12/23,1:42:54
10/12/23,1:42:55
10/12/23,1:42:56
10/12/23,1:42:58
10/12/23,1:44:31
10/12/23,1:53:17
10/12/23,1:54:54
10/12/23,1:54:55
10/12/23,1:54:59
10/12/23,1:54:59
10/12/23,1:59:56
10/12/23,2:01:37
10/12/23,2:01:37
10/12/23,2:01:54
10/12/23,2:01:54
10/12/23,2:02:03
10/12/23,2:02:06
10/12/23,2:02:10
10/12/23,2:02:14
10/12/23,2:02:23
10/12/23,2:02:24
10/12/23,2:05:46
10/12/23,2:05:46
10/12/23,2:06:59
10/12/23,2:07:10
10/12/23,2:07:13
10/12/23,2:07:14
10/12/23,2:07:15
10/12/23,2:07:32
10/12/23,2:07:32
10/12/23,2:08:02
10/12/23,2:08:02
10/12/23,2:08:16
10/12/23,2:10:45
10/12/23,2:13:16
10/12/23,2:17:42
10/12/23,2:18:27
10/12/23,2:18:46
10/12/23,2:26:36
10/12/23,2:28:40
10/12/23,2:33:07
10/12/23,2:36:18
10/12/23,2:45:24
10/12/23,2:47:19
10/12/23,2:48:00
10/12/23,2:49:00
10/12/23,2:49:19
10/12/23,2:51:20
10/12/23,2:52:20
10/12/23,2:54:30
10/12/23,2:54:38
10/12/23,2:55:38
10/12/23,2:55:51
10/12/23,2:55:52
10/12/23,2:56:21
10/12/23,2:57:27
10/12/23,2:57:32
10/12/23,2:57:32
10/12/23,2:58:38
10/12/23,2:58:38
10/12/23,3:12:43
10/12/23,3:12:43
10/12/23,3:13:14
10/12/23,3:13:29
10/12/23,3:13:30
10/12/23,3:13:40
10/12/23,3:13:46
10/12/23,3:13:46
10/12/23,3:15:26
10/12/23,3:18:51
10/12/23,3:25:52
10/12/23,3:25:52
10/12/23,3:26:07
10/12/23,3:26:42
10/12/23,3:28:03
10/12/23,3:28:07
10/12/23,3:29:40
10/12/23,3:29:40
10/12/23,3:29:41
10/12/23,3:34:20
10/12/23,3:34:25
10/12/23,3:35:50
10/12/23,3:35:54
10/12/23,3:36:03
10/12/23,3:36:33
10/12/23,3:38:36
10/12/23,3:38:53
10/12/23,3:39:01
10/12/23,3:39:01
10/12/23,3:39:08
10/12/23,3:39:11
10/12/23,3:41:46
10/12/23,3:42:02
10/12/23,3:45:28
10/12/23,3:45:36
10/12/23,3:46:55
10/12/23,3:46:58
10/12/23,3:47:09
10/12/23,3:47:16
10/12/23,3:49:35
10/12/23,3:49:59
10/12/23,3:53:24
10/12/23,3:54:48
10/12/23,3:55:09
10/12/23,4:01:16
10/12/23,4:01:18
10/12/23,4:01:21
10/12/23,4:01:30
10/12/23,4:01:35
10/12/23,4:01:40
10/12/23,4:01:53
10/12/23,4:07:01
10/12/23,4:08:32
10/12/23,4:15:52
10/12/23,4:15:53
10/12/23,4:18:23
10/12/23,4:18:54
10/12/23,4:21:00
10/12/23,4:22:53
10/12/23,4:25:35
10/12/23,4:25:35
10/12/23,4:26:30
10/12/23,4:27:54
10/12/23,4:28:00
10/12/23,4:28:08
10/12/23,4:40:25
10/12/23,4:43:05
10/12/23,4:44:40
10/12/23,4:44:40
10/12/23,4:44:46
10/12/23,4:44:54
10/12/23,4:45:39
10/12/23,4:49:00
10/12/23,4:54:00
10/12/23,5:00:10
10/12/23,5:00:10
10/12/23,5:00:13
10/12/23,5:05:54
10/12/23,5:05:54
10/12/23,5:07:12
10/12/23,5:12:11
10/12/23,5:17:04
10/12/23,5:17:35
10/12/23,5:21:18
10/12/23,5:21:40
10/12/23,5:22:43
10/12/23,5:27:00
10/12/23,5:32:20
10/12/23,5:36:10
10/12/23,5:38:20
10/12/23,5:40:41
10/12/23,5:42:20
10/12/23,5:42:22
10/12/23,5:44:32
10/12/23,5:44:32
10/12/23,5:44:34
10/12/23,5:44:38
10/12/23,5:52:01
10/12/23,5:55:38
10/12/23,5:56:41
10/12/23,5:56:41
10/12/23,6:01:38
10/12/23,6:01:42
10/12/23,6:01:43
10/12/23,6:08:44
10/12/23,6:08:52
10/12/23,6:11:57
10/12/23,6:14:49
10/12/23,6:19:55
10/12/23,6:20:36
10/12/23,6:20:44
10/12/23,6:20:47
10/12/23,6:20:47
10/12/23,6:20:50
10/12/23,6:24:14
10/12/23,6:26:23
10/12/23,6:27:11
10/12/23,6:30:58
10/12/23,6:34:13
10/12/23,6:34:16
10/12/23,6:34:26
10/12/23,6:34:28
10/12/23,6:34:31
10/12/23,6:34:31
10/12/23,6:34:32
10/12/23,6:34:33
10/12/23,6:35:17
10/12/23,6:35:17
10/12/23,6:35:18
10/12/23,6:35:57
10/12/23,6:36:56
10/12/23,6:37:14
10/12/23,6:37:19
10/12/23,6:37:42
10/12/23,6:41:18
10/12/23,6:41:19
10/12/23,6:41:22
10/13/23,18:43:06
10/13/23,19:00:50
10/13/23,19:01:27
10/13/23,19:14:34
10/13/23,19:16:33
10/13/23,19:17:10
10/13/23,19:21:48
10/13/23,19:32:29
10/13/23,19:36:15
10/13/23,19:41:45
10/13/23,19:44:25
10/13/23,19:44:55
10/13/23,19:51:33
10/13/23,20:10:58
10/13/23,20:16:26
10/13/23,20:20:33
10/13/23,20:21:34
10/13/23,20:22:49
10/13/23,20:30:17
10/13/23,20:31:19
10/13/23,20:33:07
10/13/23,20:36:36
10/13/23,20:39:07
10/13/23,20:45:41
10/13/23,20:52:40
10/13/23,20:53:22
10/13/23,20:58:52
10/13/23,21:00:29
10/13/23,21:06:20
10/13/23,21:07:36
10/13/23,21:08:44
10/13/23,21:13:27
10/13/23,21:13:42
10/13/23,21:18:39
10/13/23,21:29:20
10/13/23,21:34:08
10/13/23,21:35:05
10/13/23,21:37:15
10/13/23,21:39:37
10/13/23,21:41:30
10/13/23,21:54:57
10/13/23,21:55:15
10/13/23,21:55:17
10/13/23,21:55:17
10/13/23,21:58:11
10/13/23,21:58:17
10/13/23,21:58:17
10/13/23,21:58:39
10/13/23,22:04:03
10/13/23,22:04:03
10/13/23,22:05:36
10/13/23,22:05:54
10/13/23,22:05:54
10/13/23,22:11:15
10/13/23,22:11:51
10/13/23,22:20:40
10/13/23,22:36:02
10/13/23,22:36:30
10/13/23,22:42:36
10/13/23,22:42:39
10/13/23,22:42:39
10/13/23,22:44:26
10/13/23,22:44:35
10/13/23,22:56:43
10/13/23,22:57:01
10/13/23,22:57:03
10/13/23,22:57:04
10/13/23,22:57:06
10/13/23,22:57:07
10/13/23,22:57:10
10/13/23,22:57:11
10/13/23,22:57:13
10/13/23,23:05:51
10/13/23,23:18:13
10/13/23,23:19:53
10/13/23,23:19:53
10/13/23,23:21:14
10/13/23,23:30:31
10/13/23,23:31:36
10/13/23,23:50:18
10/13/23,23:50:18
10/13/23,0:02:29
10/13/23,0:03:06
10/13/23,0:09:54
10/13/23,0:31:02
10/13/23,0:32:45
10/13/23,0:36:59
10/13/23,0:45:19
10/13/23,0:47:23
10/13/23,0:53:20
10/13/23,1:03:09
10/13/23,1:09:56
10/13/23,1:10:52
10/13/23,1:14:16
10/13/23,1:15:38
10/13/23,1:18:48
10/13/23,1:22:08
10/13/23,1:26:22
10/13/23,1:35:35
10/13/23,1:39:34
10/13/23,1:44:53
10/13/23,1:48:45
10/13/23,1:58:56
10/13/23,1:58:56
10/13/23,1:59:28
10/13/23,2:07:23
10/13/23,2:11:45
10/13/23,2:14:32
10/13/23,2:22:25
10/13/23,2:23:47
10/13/23,2:23:47
10/13/23,2:30:15
10/13/23,2:36:01
10/13/23,2:48:56
10/13/23,2:51:12
10/13/23,2:51:52
10/13/23,2:58:20
10/13/23,3:06:14
10/13/23,3:07:30
10/13/23,3:08:04
10/13/23,3:17:24
10/13/23,3:31:55
10/13/23,3:33:50
10/13/23,3:34:26
10/13/23,3:36:51
10/13/23,3:38:47
10/13/23,3:39:23
10/13/23,3:40:27
10/13/23,3:40:43
10/13/23,3:42:39
10/13/23,3:44:18
10/13/23,3:48:14
10/13/23,3:48:58
10/13/23,3:55:37
10/13/23,3:55:37
10/13/23,3:57:54
10/13/23,4:00:06
10/13/23,4:03:13
10/13/23,4:04:35
10/13/23,4:04:41
10/13/23,4:04:41
10/13/23,4:05:41
10/13/23,4:10:24
10/13/23,4:11:08
10/13/23,4:13:04
10/13/23,4:13:12
10/13/23,4:26:00
10/13/23,4:28:38
10/13/23,4:31:05
10/13/23,4:37:55
10/13/23,4:41:59
10/13/23,4:44:58
10/13/23,4:57:52
10/13/23,4:57:52
10/13/23,5:03:19
10/13/23,5:05:12
10/13/23,5:09:23
10/13/23,5:10:58
10/13/23,5:18:03
10/13/23,5:22:14
10/13/23,5:23:18
10/13/23,5:27:47
10/13/23,5:41:09
10/13/23,5:42:03
10/13/23,5:45:20
10/13/23,5:49:25
10/13/23,6:00:55
10/13/23,6:02:08
10/13/23,6:04:27
10/13/23,6:04:52
10/13/23,6:05:21
10/13/23,6:05:27
10/13/23,6:05:47
10/13/23,6:06:31
10/13/23,6:13:26
10/13/23,6:17:29
10/13/23,6:18:33
10/13/23,6:21:06
10/13/23,6:21:35
10/13/23,6:26:23
10/13/23,6:26:23
10/13/23,6:30:43
10/13/23,6:33:45
10/13/23,6:37:45
10/14/23,18:50:13
10/14/23,19:32:42
10/14/23,19:33:53
10/14/23,19:41:29
10/14/23,19:59:01
10/14/23,21:24:46
10/14/23,21:37:44
10/14/23,21:42:46
10/14/23,21:43:17
10/14/23,21:43:18
10/14/23,21:43:39
10/14/23,21:48:30
10/14/23,22:02:40
10/14/23,22:19:58
10/14/23,22:20:49
10/14/23,22:21:21
10/14/23,22:26:52
10/14/23,22:32:10
10/14/23,22:32:59
10/14/23,22:37:31
10/14/23,22:44:12
10/14/23,22:59:42
10/14/23,23:03:22
10/14/23,23:05:32
10/14/23,23:05:32
10/14/23,23:08:27
10/14/23,23:13:44
10/14/23,23:24:10
10/14/23,23:26:36
10/14/23,23:35:59
10/14/23,23:39:35
10/14/23,23:41:01
10/14/23,23:41:41
10/14/23,23:53:14
10/14/23,0:04:45
10/14/23,0:08:52
10/14/23,0:10:50
10/14/23,0:16:58
10/14/23,0:24:57
10/14/23,0:30:45
10/14/23,0:36:57
10/14/23,0:45:31
10/14/23,0:47:33
10/14/23,1:05:45
10/14/23,1:28:18
10/14/23,1:34:09
10/14/23,1:40:07
10/14/23,1:42:04
10/14/23,1:43:01
10/14/23,1:44:39
10/14/23,1:49:15
10/14/23,1:55:23
10/14/23,1:59:07
10/14/23,1:59:53
10/14/23,2:00:41
10/14/23,2:04:13
10/14/23,2:14:17
10/14/23,2:21:28
10/14/23,2:21:49
10/14/23,2:38:21
10/14/23,2:43:11
10/14/23,2:43:11
10/14/23,2:51:03
10/14/23,2:54:32
10/14/23,2:55:07
10/14/23,3:00:45
10/14/23,3:00:45
10/14/23,3:07:56
10/14/23,3:12:20
10/14/23,3:21:58
10/14/23,3:30:22
10/14/23,3:32:29
10/14/23,3:34:17
10/14/23,3:45:06
10/14/23,3:47:45
10/14/23,3:49:18
10/14/23,3:50:32
10/14/23,3:52:26
10/14/23,3:53:11
10/14/23,3:59:30
10/14/23,4:00:08
10/14/23,4:02:25
10/14/23,4:03:12
10/14/23,4:04:01
10/14/23,4:04:48
10/14/23,4:10:40
10/14/23,4:11:28
10/14/23,4:15:23
10/14/23,4:16:58
10/14/23,4:20:25
10/14/23,4:24:45
10/14/23,4:43:37
10/14/23,4:50:52
10/14/23,4:52:22
10/14/23,4:56:25
10/14/23,4:57:14
10/14/23,5:01:17
10/14/23,5:31:18
10/14/23,5:31:35
10/14/23,5:34:31
10/14/23,5:37:34
10/14/23,5:45:20
10/14/23,5:54:30
10/14/23,5:54:32
10/14/23,5:56:03
10/14/23,5:58:44
10/14/23,6:01:20
10/14/23,6:07:15
10/14/23,6:16:39
10/14/23,6:20:03
10/14/23,6:25:37
10/14/23,6:32:36
10/14/23,6:37:42
10/14/23,6:39:13
10/15/23,18:43:53
10/15/23,18:44:18
10/15/23,18:50:19
10/15/23,18:56:33
10/15/23,18:56:52
10/15/23,18:57:34
10/15/23,19:06:59
10/15/23,19:20:12
10/15/23,19:25:46
10/15/23,19:26:49
10/15/23,19:27:51
10/15/23,19:30:14
10/15/23,19:33:47
10/15/23,19:36:06
10/15/23,19:45:35
10/15/23,19:49:15
10/15/23,20:02:50
10/15/23,20:02:50
10/15/23,20:09:52
10/15/23,20:12:33
10/15/23,20:18:08
10/15/23,20:21:22
10/15/23,20:21:22
10/15/23,20:23:15
10/15/23,20:27:44
10/15/23,20:31:11
10/15/23,20:31:11
10/15/23,20:35:36
10/15/23,20:37:35
10/15/23,20:38:57
10/15/23,20:41:57
10/15/23,20:45:19
10/15/23,20:52:22
10/15/23,20:54:41
10/15/23,20:55:21
10/15/23,20:55:21
10/15/23,20:57:01
10/15/23,21:01:22
10/15/23,21:15:10
10/15/23,21:17:40
10/15/23,21:24:55
10/15/23,21:29:05
10/15/23,21:33:29
10/15/23,21:33:30
10/15/23,21:48:10
10/15/23,21:49:18
10/15/23,21:50:15
10/15/23,21:52:54
10/15/23,21:53:10
10/15/23,21:53:10
10/15/23,21:58:17
10/15/23,22:00:06
10/15/23,22:44:33
10/15/23,22:46:25
10/15/23,22:47:11
10/15/23,22:48:34
10/15/23,22:52:30
10/15/23,22:52:46
10/15/23,22:54:17
10/15/23,23:08:22
10/15/23,23:11:29
10/15/23,23:19:34
10/15/23,23:20:37
10/15/23,23:21:01
10/15/23,23:23:26
10/15/23,23:24:58
10/15/23,23:25:46
10/15/23,23:26:37
10/15/23,23:27:08
10/15/23,23:29:46
10/15/23,23:30:14
10/15/23,23:30:14
10/15/23,23:36:38
10/15/23,23:36:51
10/15/23,23:38:22
10/15/23,23:38:34
10/15/23,23:55:39
10/15/23,0:02:01
10/15/23,0:06:22
10/15/23,0:06:56
10/15/23,0:06:56
10/15/23,0:11:09
10/15/23,0:13:04
10/15/23,0:14:04
10/15/23,0:20:48
10/15/23,0:22:29
10/15/23,0:22:55
10/15/23,0:23:08
10/15/23,0:25:39
10/15/23,0:27:48
10/15/23,0:28:06
10/15/23,0:29:50
10/15/23,0:33:38
10/15/23,0:33:39
10/15/23,0:38:29
10/15/23,0:44:52
10/15/23,0:48:53
10/15/23,0:49:51
10/15/23,1:04:16
10/15/23,1:08:36
10/15/23,1:08:43
10/15/23,1:11:01
10/15/23,1:11:44
10/15/23,1:15:55
10/15/23,1:16:26
10/15/23,1:23:38
10/15/23,1:32:25
10/15/23,1:43:14
10/15/23,1:55:42
10/15/23,2:02:13
10/15/23,2:02:13
10/15/23,2:02:56
10/15/23,2:03:10
10/15/23,2:03:41
10/15/23,2:05:15
10/15/23,2:07:43
10/15/23,2:10:20
10/15/23,2:11:01
10/15/23,2:11:04
10/15/23,2:13:48
10/15/23,2:39:10
10/15/23,2:41:26
10/15/23,2:50:25
10/15/23,2:54:20
10/15/23,2:56:18
10/15/23,2:58:37
10/15/23,2:58:38
10/15/23,2:59:03
10/15/23,2:59:17
10/15/23,3:03:53
10/15/23,3:10:30
10/15/23,3:14:26
10/15/23,3:15:44
10/15/23,3:18:53
10/15/23,3:19:54
10/15/23,3:33:22
10/15/23,3:37:27
10/15/23,3:44:43
10/15/23,3:45:30
10/15/23,3:47:09
10/15/23,3:48:51
10/15/23,3:50:49
10/15/23,3:57:11
10/15/23,4:00:08
10/15/23,4:06:02
10/15/23,4:37:39
10/15/23,4:40:25
10/15/23,4:42:24
10/15/23,4:45:56
10/15/23,4:45:56
10/15/23,4:46:24
10/15/23,4:46:56
10/15/23,4:47:26
10/15/23,4:47:32
10/15/23,4:48:39
10/15/23,4:52:25
10/15/23,4:52:45
10/15/23,4:57:44
10/15/23,4:57:44
10/15/23,4:58:50
10/15/23,5:03:10
10/15/23,5:22:20
10/15/23,5:25:05
10/15/23,5:34:29
10/15/23,5:36:56
10/15/23,5:40:54
10/15/23,5:42:40
10/15/23,5:45:13
10/15/23,5:48:55
10/15/23,5:50:37
10/15/23,5:53:51
10/15/23,5:53:51
10/15/23,6:12:56
10/15/23,6:15:48
10/15/23,6:15:48
10/15/23,6:18:49
10/15/23,6:18:52
10/15/23,6:21:23
10/15/23,6:26:38
10/15/23,6:29:21
10/15/23,6:30:22
10/15/23,6:33:12
10/15/23,6:37:03
10/16/23,18:46:10
10/16/23,18:49:33
10/16/23,18:56:46
10/16/23,19:32:14
10/16/23,19:41:42
10/16/23,20:04:28
10/16/23,20:09:00
10/16/23,20:13:17
10/16/23,20:14:08
10/16/23,20:17:48
10/16/23,20:20:19
10/16/23,20:21:55
10/16/23,20:22:50
10/16/23,20:24:01
10/16/23,20:24:02
10/16/23,20:25:32
10/16/23,20:26:28
10/16/23,20:56:24
10/16/23,20:59:42
10/16/23,21:00:34
10/16/23,21:20:23
10/16/23,21:25:42
10/16/23,21:35:31
10/16/23,21:44:41
10/16/23,21:49:33
10/16/23,21:54:00
10/16/23,22:00:56
10/16/23,22:06:57
10/16/23,22:11:55
10/16/23,22:15:33
10/16/23,22:24:24
10/16/23,22:24:24
10/16/23,22:24:24
10/16/23,22:24:25
10/16/23,22:24:38
10/16/23,22:29:15
10/16/23,22:29:20
10/16/23,22:32:09
10/16/23,22:35:31
10/16/23,22:36:06
10/16/23,22:41:34
10/16/23,22:42:30
10/16/23,22:43:27
10/16/23,22:44:09
10/16/23,22:57:10
10/16/23,22:57:12
10/16/23,22:57:21
10/16/23,22:57:26
10/16/23,22:57:26
10/16/23,23:01:59
10/16/23,23:02:32
10/16/23,23:03:32
10/16/23,23:03:46
10/16/23,23:08:23
10/16/23,23:14:26
10/16/23,23:14:26
10/16/23,23:17:13
10/16/23,23:21:35
10/16/23,23:21:39
10/16/23,23:21:39
10/16/23,23:21:44
10/16/23,23:21:49
10/16/23,23:21:49
10/16/23,23:21:55
10/16/23,23:22:01
10/16/23,23:22:01
10/16/23,23:22:07
10/16/23,23:22:07
10/16/23,23:22:08
10/16/23,23:27:24
10/16/23,23:27:29
10/16/23,23:27:29
10/16/23,23:27:31
10/16/23,23:28:21
10/16/23,23:31:41
10/16/23,23:32:48
10/16/23,23:32:50
10/16/23,23:36:26
10/16/23,23:43:41
10/16/23,23:44:02
10/16/23,23:44:02
10/16/23,23:44:40
10/16/23,23:44:54
10/16/23,23:46:24
10/16/23,23:46:24
10/16/23,23:46:50
10/16/23,23:46:57
10/16/23,23:46:58
10/16/23,23:49:53
10/16/23,23:55:11
10/16/23,23:57:49
10/16/23,0:01:35
10/16/23,0:02:46
10/16/23,0:04:04
10/16/23,0:07:01
10/16/23,0:07:19
10/16/23,0:07:21
10/16/23,0:07:34
10/16/23,0:08:45
10/16/23,0:08:58
10/16/23,0:08:58
10/16/23,0:09:34
10/16/23,0:09:44
10/16/23,0:09:52
10/16/23,0:09:56
10/16/23,0:10:07
10/16/23,0:10:08
10/16/23,0:10:13
10/16/23,0:10:28
10/16/23,0:10:34
10/16/23,0:10:41
10/16/23,0:10:46
10/16/23,0:10:47
10/16/23,0:11:31
10/16/23,0:14:47
10/16/23,0:15:00
10/16/23,0:15:03
10/16/23,0:15:08
10/16/23,0:20:12
10/16/23,0:22:30
10/16/23,0:22:31
10/16/23,0:22:32
10/16/23,0:22:34
10/16/23,0:22:35
10/16/23,0:22:37
10/16/23,0:22:40
10/16/23,0:22:41
10/16/23,0:22:47
10/16/23,0:24:46
10/16/23,0:26:15
10/16/23,0:30:14
10/16/23,0:35:38
10/16/23,0:37:47
10/16/23,0:42:38
10/16/23,0:45:16
10/16/23,0:45:30
10/16/23,0:45:37
10/16/23,0:47:16
10/16/23,1:02:49
10/16/23,1:05:00
10/16/23,1:05:32
10/16/23,1:05:36
10/16/23,1:08:20
10/16/23,1:09:19
10/16/23,1:11:14
10/16/23,1:12:45
10/16/23,1:12:54
10/16/23,1:12:57
10/16/23,1:13:30
10/16/23,1:13:35
10/16/23,1:13:37
10/16/23,1:13:39
10/16/23,1:14:54
10/16/23,1:15:01
10/16/23,1:15:06
10/16/23,1:15:23
10/16/23,1:25:00
10/16/23,1:31:53
10/16/23,1:36:15
10/16/23,1:44:13
10/16/23,1:44:44
10/16/23,1:46:24
10/16/23,1:46:25
10/16/23,1:46:36
10/16/23,1:46:38
10/16/23,1:46:39
10/16/23,1:46:39
10/16/23,1:46:42
10/16/23,1:46:44
10/16/23,1:46:45
10/16/23,1:46:50
10/16/23,1:46:54
10/16/23,1:46:55
10/16/23,1:51:08
10/16/23,1:51:23
10/16/23,1:51:30
10/16/23,1:51:35
10/16/23,1:51:35
10/16/23,1:51:40
10/16/23,1:51:40
10/16/23,1:52:39
10/16/23,1:54:21
10/16/23,1:54:27
10/16/23,1:54:27
10/16/23,1:54:59
10/16/23,1:55:24
10/16/23,1:55:36
10/16/23,1:55:38
10/16/23,1:55:38
10/16/23,1:55:41
10/16/23,1:55:43
10/16/23,1:55:43
10/16/23,1:55:44
10/16/23,2:01:46
10/16/23,2:01:48
10/16/23,2:01:48
10/16/23,2:01:53
10/16/23,2:01:54
10/16/23,2:02:01
10/16/23,2:02:05
10/16/23,2:02:05
10/16/23,2:02:07
10/16/23,2:03:37
10/16/23,2:03:42
10/16/23,2:06:34
10/16/23,2:12:31
10/16/23,2:13:36
10/16/23,2:22:53
10/16/23,2:22:58
10/16/23,2:25:12
10/16/23,2:29:33
10/16/23,2:38:31
10/16/23,2:41:53
10/16/23,2:45:14
10/16/23,2:45:47
10/16/23,2:46:09
10/16/23,2:46:10
10/16/23,2:46:33
10/16/23,2:46:33
10/16/23,2:46:40
10/16/23,2:46:40
10/16/23,2:47:13
10/16/23,2:47:15
10/16/23,2:47:38
10/16/23,2:47:55
10/16/23,2:47:55
10/16/23,2:48:18
10/16/23,2:49:13
10/16/23,2:51:03
10/16/23,2:51:06
10/16/23,2:51:06
10/16/23,2:51:07
10/16/23,2:51:10
10/16/23,2:51:13
10/16/23,2:51:26
10/16/23,2:52:14
10/16/23,2:53:20
10/16/23,2:54:18
10/16/23,3:00:59
10/16/23,3:00:59
10/16/23,3:02:26
10/16/23,3:08:36
10/16/23,3:09:35
10/16/23,3:21:17
10/16/23,3:21:18
10/16/23,3:28:46
10/16/23,3:29:10
10/16/23,3:29:42
10/16/23,3:32:04
10/16/23,3:34:47
10/16/23,3:34:54
10/16/23,3:36:07
10/16/23,3:36:07
10/16/23,3:37:29
10/16/23,3:39:24
10/16/23,3:40:37
10/16/23,3:40:42
10/16/23,3:40:42
10/16/23,3:44:44
10/16/23,3:44:52
10/16/23,3:44:52
10/16/23,3:45:23
10/16/23,3:45:27
10/16/23,3:45:28
10/16/23,3:45:32
10/16/23,3:46:10
10/16/23,3:50:07
10/16/23,4:08:52
10/16/23,4:13:20
10/16/23,4:22:32
10/16/23,4:28:03
10/16/23,4:28:54
10/16/23,4:30:40
10/16/23,4:31:13
10/16/23,4:31:14
10/16/23,4:31:19
10/16/23,4:31:23
10/16/23,4:31:25
10/16/23,4:31:26
10/16/23,4:31:27
10/16/23,4:31:28
10/16/23,4:35:42
10/16/23,4:43:15
10/16/23,4:45:06
10/16/23,4:45:13
10/16/23,4:47:01
10/16/23,4:48:26
10/16/23,4:48:31
10/16/23,4:48:37
10/16/23,4:48:37
10/16/23,4:49:00
10/16/23,4:49:00
10/16/23,4:51:57
10/16/23,4:53:30
10/16/23,5:05:30
10/16/23,5:11:01
10/16/23,5:13:47
10/16/23,5:14:31
10/16/23,5:17:39
10/16/23,5:17:53
10/16/23,5:18:00
10/16/23,5:18:02
10/16/23,5:18:05
10/16/23,5:18:05
10/16/23,5:20:43
10/16/23,5:32:02
10/16/23,5:33:28
10/16/23,5:33:47
10/16/23,5:36:48
10/16/23,5:38:08
10/16/23,5:42:09
10/16/23,5:42:30
10/16/23,5:48:07
10/16/23,5:49:08
10/16/23,5:57:38
10/16/23,5:57:48
10/16/23,5:58:25
10/16/23,6:00:08
10/16/23,6:02:06
10/16/23,6:02:14
10/16/23,6:02:21
10/16/23,6:02:37
10/16/23,6:03:08
10/16/23,6:03:18
10/16/23,6:03:32
10/16/23,6:07:35
10/16/23,6:07:53
10/16/23,6:08:54
10/16/23,6:11:34
10/16/23,6:18:05
10/16/23,6:29:22
10/16/23,6:37:20
10/16/23,6:38:41
10/16/23,6:40:14
10/17/23,18:42:08
10/17/23,18:55:05
10/17/23,18:58:00
10/17/23,18:59:22
10/17/23,18:59:37
10/17/23,19:04:55
10/17/23,19:06:34
10/17/23,19:09:05
10/17/23,19:09:13
10/17/23,19:09:44
10/17/23,19:21:41
10/17/23,19:28:10
10/17/23,19:32:36
10/17/23,19:33:57
10/17/23,19:35:52
10/17/23,19:45:12
10/17/23,19:47:34
10/17/23,19:47:34
10/17/23,19:50:42
10/17/23,19:51:52
10/17/23,19:51:53
10/17/23,19:54:05
10/17/23,19:55:56
10/17/23,19:56:36
10/17/23,19:56:36
10/17/23,19:56:59
10/17/23,19:58:49
10/17/23,19:59:06
10/17/23,19:59:44
10/17/23,20:00:42
10/17/23,20:15:14
10/17/23,20:20:21
10/17/23,20:21:09
10/17/23,20:21:56
10/17/23,20:22:05
10/17/23,20:26:38
10/17/23,20:31:19
10/17/23,20:32:39
10/17/23,20:38:57
10/17/23,20:41:11
10/17/23,20:42:07
10/17/23,20:46:31
10/17/23,21:15:23
10/17/23,21:25:10
10/17/23,21:27:43
10/17/23,21:33:52
10/17/23,21:49:54
10/17/23,21:50:57
10/17/23,21:58:45
10/17/23,22:11:43
10/17/23,22:14:36
10/17/23,22:16:25
10/17/23,22:23:07
10/17/23,22:27:20
10/17/23,22:33:09
10/17/23,22:33:41
10/17/23,22:34:31
10/17/23,22:46:45
10/17/23,22:48:01
10/17/23,22:50:56
10/17/23,22:58:59
10/17/23,23:00:42
10/17/23,23:01:33
10/17/23,23:02:44
10/17/23,23:03:12
10/17/23,23:03:40
10/17/23,23:05:04
10/17/23,23:06:13
10/17/23,23:06:36
10/17/23,23:07:00
10/17/23,23:07:01
10/17/23,23:10:48
10/17/23,23:12:15
10/17/23,23:12:16
10/17/23,23:12:46
10/17/23,23:12:46
10/17/23,23:16:03
10/17/23,23:23:24
10/17/23,23:26:25
10/17/23,23:29:02
10/17/23,23:29:11
10/17/23,23:29:26
10/17/23,23:29:26
10/17/23,23:29:31
10/17/23,23:29:57
10/17/23,23:31:14
10/17/23,23:33:08
10/17/23,23:34:35
10/17/23,23:40:15
10/17/23,23:42:14
10/17/23,23:47:31
10/17/23,23:49:04
10/17/23,23:54:33
10/17/23,23:56:13
10/17/23,0:00:22
10/17/23,0:02:03
10/17/23,0:03:10
10/17/23,0:03:49
10/17/23,0:12:53
10/17/23,0:14:53
10/17/23,0:17:12
10/17/23,0:24:37
10/17/23,0:32:34
10/17/23,0:35:04
10/17/23,0:35:44
10/17/23,0:47:38
10/17/23,0:48:43
10/17/23,0:48:43
10/17/23,0:51:44
10/17/23,0:51:44
10/17/23,0:52:01
10/17/23,0:52:47
10/17/23,0:53:14
10/17/23,0:54:33
10/17/23,0:55:04
10/17/23,0:57:21
10/17/23,1:04:29
10/17/23,1:06:38
10/17/23,1:09:11
10/17/23,1:09:44
10/17/23,1:09:44
10/17/23,1:12:53
10/17/23,1:14:05
10/17/23,1:14:37
10/17/23,1:15:35
10/17/23,1:16:19
10/17/23,1:16:34
10/17/23,1:17:19
10/17/23,1:17:54
10/17/23,1:17:59
10/17/23,1:19:15
10/17/23,1:21:22
10/17/23,1:32:01
10/17/23,1:33:16
10/17/23,1:33:39
10/17/23,1:35:15
10/17/23,1:38:42
10/17/23,1:41:25
10/17/23,1:42:25
10/17/23,1:48:34
10/17/23,1:49:12
10/17/23,1:50:04
10/17/23,1:54:07
10/17/23,1:56:24
10/17/23,1:56:56
10/17/23,1:57:11
10/17/23,1:59:38
10/17/23,2:00:06
10/17/23,2:00:09
10/17/23,2:00:26
10/17/23,2:01:04
10/17/23,2:01:38
10/17/23,2:08:19
10/17/23,2:12:10
10/17/23,2:12:32
10/17/23,2:12:33
10/17/23,2:13:41
10/17/23,2:14:38
10/17/23,2:18:29
10/17/23,2:19:20
10/17/23,2:19:30
10/17/23,2:19:46
10/17/23,2:19:55
10/17/23,2:20:12
10/17/23,2:20:12
10/17/23,2:21:03
10/17/23,2:24:13
10/17/23,2:24:21
10/17/23,2:24:34
10/17/23,2:24:34
10/17/23,2:24:35
10/17/23,2:24:38
10/17/23,2:25:05
10/17/23,2:27:57
10/17/23,2:29:20
10/17/23,2:29:48
10/17/23,2:39:57
10/17/23,2:42:25
10/17/23,2:46:42
10/17/23,2:48:03
10/17/23,2:54:22
10/17/23,2:56:11
10/17/23,3:05:41
10/17/23,3:07:17
10/17/23,3:08:37
10/17/23,3:08:38
10/17/23,3:15:42
10/17/23,3:29:04
10/17/23,3:29:33
10/17/23,3:31:47
10/17/23,3:31:51
10/17/23,3:31:51
10/17/23,3:31:59
10/17/23,3:34:26
10/17/23,3:35:20
10/17/23,3:35:42
10/17/23,3:37:54
10/17/23,3:37:54
10/17/23,3:38:17
10/17/23,3:41:25
10/17/23,3:42:00
10/17/23,3:45:52
10/17/23,3:45:52
10/17/23,3:46:13
10/17/23,3:48:42
10/17/23,3:54:59
10/17/23,3:57:47
10/17/23,4:00:08
10/17/23,4:01:45
10/17/23,4:03:02
10/17/23,4:04:46
10/17/23,4:06:42
10/17/23,4:06:48
10/17/23,4:09:19
10/17/23,4:09:47
10/17/23,4:10:00
10/17/23,4:11:14
10/17/23,4:13:41
10/17/23,4:13:45
10/17/23,4:15:13
10/17/23,4:16:54
10/17/23,4:17:58
10/17/23,4:19:46
10/17/23,4:24:53
10/17/23,4:26:50
10/17/23,4:27:35
10/17/23,4:30:38
10/17/23,4:31:59
10/17/23,4:34:31
10/17/23,4:35:13
10/17/23,4:36:36
10/17/23,4:36:44
10/17/23,4:37:03
10/17/23,4:44:04
10/17/23,4:44:53
10/17/23,4:44:53
10/17/23,4:49:00
10/17/23,4:49:25
10/17/23,4:49:36
10/17/23,4:50:49
10/17/23,4:51:32
10/17/23,4:52:45
10/17/23,4:52:45
10/17/23,4:59:03
10/17/23,5:00:51
10/17/23,5:01:15
10/17/23,5:05:55
10/17/23,5:09:20
10/17/23,5:21:03
10/17/23,5:21:03
10/17/23,5:22:49
10/17/23,5:25:23
10/17/23,5:26:55
10/17/23,5:27:43
10/17/23,5:30:56
10/17/23,5:36:38
10/17/23,5:38:30
10/17/23,5:41:00
10/17/23,5:55:56
10/17/23,5:57:34
10/17/23,5:57:50
10/17/23,5:57:51
10/17/23,5:59:29
10/17/23,5:59:40
10/17/23,6:00:08
10/17/23,6:00:17
10/17/23,6:00:30
10/17/23,6:02:53
10/17/23,6:04:51
10/17/23,6:05:29
10/17/23,6:08:50
10/17/23,6:08:51
10/17/23,6:12:35
10/17/23,6:13:53
10/17/23,6:13:59
10/17/23,6:25:19
10/17/23,6:30:01
10/17/23,6:30:58
10/17/23,6:31:52
10/17/23,6:35:09
10/17/23,6:36:46
10/17/23,6:40:06
10/18/23,18:25:33
10/18/23,18:28:05
10/18/23,18:30:29
10/18/23,18:39:01
10/18/23,18:39:53
10/18/23,18:40:08
10/18/23,18:40:32
10/18/23,18:42:18
10/18/23,18:52:12
10/18/23,19:02:39
10/18/23,19:35:11
10/18/23,19:35:51
10/18/23,19:37:58
10/18/23,19:44:11
10/18/23,19:53:12
10/18/23,19:59:49
10/18/23,20:08:59
10/18/23,20:21:53
10/18/23,20:36:33
10/18/23,20:38:15
10/18/23,20:38:15
10/18/23,20:38:16
10/18/23,21:04:33
10/18/23,21:04:34
10/18/23,22:51:28
10/18/23,22:51:42
10/18/23,22:55:08
10/18/23,22:56:17
10/18/23,23:00:45
10/18/23,23:08:38
10/18/23,23:10:27
10/18/23,23:12:25
10/18/23,23:33:34
10/18/23,23:46:38
10/18/23,23:49:15
10/18/23,0:00:43
10/18/23,0:01:05
10/18/23,0:13:35
10/18/23,0:15:21
10/18/23,0:16:08
10/18/23,0:25:11
10/18/23,0:45:50
10/18/23,1:02:16
10/18/23,1:31:14
10/18/23,2:03:57
10/18/23,2:04:50
10/18/23,2:06:27
10/18/23,2:12:42
10/18/23,2:18:23
10/18/23,2:18:49
10/18/23,2:25:26
10/18/23,2:43:15
10/18/23,2:50:03
10/18/23,2:51:38
10/18/23,2:56:08
10/18/23,3:09:55
10/18/23,3:14:57
10/18/23,3:17:40
10/18/23,3:26:06
10/18/23,3:26:25
10/18/23,3:39:07
10/18/23,4:03:57
10/18/23,4:16:56
10/18/23,4:25:29
10/18/23,4:48:17
10/18/23,4:50:02
10/18/23,4:52:42
10/18/23,4:54:21
10/18/23,5:10:49
10/18/23,5:22:07
10/18/23,5:43:28
10/18/23,5:47:15
10/18/23,5:47:15
10/18/23,5:55:00
10/18/23,5:59:13
10/18/23,6:00:51
10/18/23,6:01:37
10/18/23,6:01:37
10/18/23,6:04:02
10/18/23,6:05:20
10/18/23,6:07:08
10/18/23,6:07:33
10/18/23,6:11:23
10/18/23,6:14:24
10/18/23,6:16:10
10/18/23,6:18:27
10/18/23,6:19:58
10/18/23,6:20:03
10/18/23,6:21:31
10/18/23,6:28:25
10/18/23,6:31:13
10/18/23,6:31:49
10/18/23,6:31:51
10/18/23,6:37:16
10/18/23,6:38:12
10/18/23,6:38:36
10/18/23,6:38:42
10/18/23,6:41:07
10/18/23,6:41:11
10/18/23,6:42:37
10/18/23,6:45:52
10/18/23,6:46:28
10/18/23,6:46:28
10/18/23,6:47:50
10/18/23,6:49:09
10/18/23,6:50:22
10/18/23,6:50:58
10/18/23,6:51:13
10/18/23,6:53:14
10/18/23,6:54:10
10/18/23,6:54:38
10/18/23,6:55:02
10/18/23,6:55:32
10/18/23,6:55:32
10/19/23,18:27:26
10/19/23,18:29:07
10/19/23,18:34:38
10/19/23,18:40:07
10/19/23,18:49:39
10/19/23,18:49:39
10/19/23,19:20:34
10/19/23,19:24:03
10/19/23,19:30:04
10/19/23,19:39:30
10/19/23,19:45:59
10/19/23,19:46:06
10/19/23,19:53:38
10/19/23,20:02:28
10/19/23,20:02:32
10/19/23,20:03:14
10/19/23,20:03:30
10/19/23,20:03:32
10/19/23,20:03:38
10/19/23,20:03:43
10/19/23,20:03:44
10/19/23,20:19:30
10/19/23,20:20:27
10/19/23,20:59:30
10/19/23,21:09:07
10/19/23,21:13:22
10/19/23,21:43:41
10/19/23,21:54:17
10/19/23,21:56:25
10/19/23,22:14:58
10/19/23,22:28:52
10/19/23,22:28:52
10/19/23,22:29:47
10/19/23,22:32:21
10/19/23,22:35:39
10/19/23,22:37:29
10/19/23,22:40:37
10/19/23,23:24:45
10/19/23,23:35:27
10/19/23,0:06:40
10/19/23,0:18:13
10/19/23,0:26:02
10/19/23,0:26:35
10/19/23,0:28:11
10/19/23,0:47:56
10/19/23,0:58:11
10/19/23,1:09:34
10/19/23,1:10:43
10/19/23,1:14:55
10/19/23,1:15:38
10/19/23,1:37:47
10/19/23,1:40:22
10/19/23,1:48:15
10/19/23,2:07:30
10/19/23,2:22:51
10/19/23,2:33:30
10/19/23,2:36:08
10/19/23,2:50:14
10/19/23,3:16:13
10/19/23,3:16:13
10/19/23,4:02:29
10/19/23,4:19:56
10/19/23,4:19:56
10/19/23,4:27:01
10/19/23,4:53:30
10/19/23,5:00:32
10/19/23,5:22:06
10/19/23,5:45:48
10/19/23,6:23:46
10/19/23,6:25:02
10/19/23,6:25:58
10/19/23,6:27:03
10/19/23,6:29:14
10/19/23,6:32:28
10/19/23,6:32:41
10/19/23,6:37:04
10/19/23,6:39:57
10/19/23,6:45:53
10/19/23,6:46:40
10/19/23,6:47:22
10/19/23,6:47:58
10/19/23,6:51:17
10/19/23,6:53:51
10/19/23,6:55:54
10/20/23,18:22:18
10/20/23,18:24:20
10/20/23,18:24:31
10/20/23,18:25:35
10/20/23,18:51:23
10/20/23,19:03:07
10/20/23,19:23:32
10/20/23,19:52:35
10/20/23,19:55:32
10/20/23,20:02:38
10/20/23,20:09:30
10/20/23,20:22:44
10/20/23,20:24:18
10/20/23,20:25:41
10/20/23,20:25:43
10/20/23,20:25:45
10/20/23,20:25:45
10/20/23,20:26:06
10/20/23,20:38:17
10/20/23,20:38:17
10/20/23,20:42:56
10/20/23,20:53:07
10/20/23,20:58:30
10/20/23,21:00:52
10/20/23,21:01:10
10/20/23,21:37:19
10/20/23,21:43:13
10/20/23,21:43:44
10/20/23,21:49:14
10/20/23,22:01:01
10/20/23,22:03:32
10/20/23,22:15:52
10/20/23,22:32:56
10/20/23,22:34:57
10/20/23,22:41:15
10/20/23,22:46:26
10/20/23,22:49:42
10/20/23,23:07:22
10/20/23,23:16:17
10/20/23,23:16:47
10/20/23,23:34:34
10/20/23,23:35:15
10/20/23,23:39:47
10/20/23,23:40:47
10/20/23,23:40:51
10/20/23,23:40:53
10/20/23,23:43:01
10/20/23,0:11:02
10/20/23,0:11:08
10/20/23,0:11:11
10/20/23,0:11:59
10/20/23,0:11:59
10/20/23,0:12:02
10/20/23,0:12:02
10/20/23,0:12:04
10/20/23,0:12:04
10/20/23,0:17:17
10/20/23,0:22:27
10/20/23,0:26:37
10/20/23,0:26:54
10/20/23,0:32:21
10/20/23,0:32:27
10/20/23,0:32:32
10/20/23,0:33:22
10/20/23,0:33:57
10/20/23,0:45:15
10/20/23,0:50:19
10/20/23,0:50:19
10/20/23,0:50:24
10/20/23,1:08:47
10/20/23,1:13:38
10/20/23,1:35:06
10/20/23,1:46:50
10/20/23,1:58:32
10/20/23,1:58:33
10/20/23,2:05:20
10/20/23,2:09:14
10/20/23,2:15:18
10/20/23,2:19:05
10/20/23,2:43:15
10/20/23,2:43:31
10/20/23,2:51:55
10/20/23,2:55:06
10/20/23,3:22:09
10/20/23,3:32:46
10/20/23,3:32:56
10/20/23,3:33:08
10/20/23,3:43:17
10/20/23,3:56:54
10/20/23,3:58:13
10/20/23,3:58:46
10/20/23,4:02:43
10/20/23,4:07:24
10/20/23,4:11:22
10/20/23,4:22:05
10/20/23,4:22:30
10/20/23,4:40:04
10/20/23,4:41:32
10/20/23,4:43:42
10/20/23,4:52:27
10/20/23,4:55:51
10/20/23,5:17:08
10/20/23,5:20:31
10/20/23,5:25:03
10/20/23,5:40:54
10/20/23,5:44:28
10/20/23,5:55:06
10/20/23,5:56:53
10/20/23,5:58:56
10/20/23,6:01:36
10/20/23,6:06:29
10/20/23,6:09:22
10/20/23,6:15:02
10/20/23,6:17:00
10/20/23,6:17:24
10/20/23,6:17:59
10/20/23,6:20:24
10/20/23,6:26:12
10/20/23,6:28:23
10/20/23,6:28:59
10/20/23,6:28:59
10/20/23,6:33:12
10/20/23,6:34:26
10/20/23,6:36:48
10/20/23,6:37:34
10/20/23,6:37:52
10/20/23,6:38:16
10/20/23,6:40:07
10/20/23,6:40:19
10/20/23,6:46:06
10/20/23,6:49:06
10/20/23,6:54:07
10/20/23,6:56:02
10/20/23,6:56:47
10/20/23,6:56:56
10/21/23,18:22:49
10/21/23,18:23:39
10/21/23,18:24:53
10/21/23,18:27:53
10/21/23,18:30:12
10/21/23,18:34:08
10/21/23,18:36:04
10/21/23,18:36:25
10/21/23,18:40:12
10/21/23,18:47:13
10/21/23,19:39:27
10/21/23,20:01:46
10/21/23,20:02:10
10/21/23,20:27:19
10/21/23,20:37:06
10/21/23,20:46:47
10/21/23,20:51:11
10/21/23,21:04:51
10/21/23,21:05:56
10/21/23,21:05:57
10/21/23,21:10:51
10/21/23,21:14:33
10/21/23,21:44:10
10/21/23,21:59:30
10/21/23,22:02:55
10/21/23,22:03:04
10/21/23,22:03:06
10/21/23,22:03:07
10/21/23,22:03:16
10/21/23,22:06:06
10/21/23,22:14:52
10/21/23,22:31:21
10/21/23,22:44:34
10/21/23,22:56:13
10/21/23,23:02:50
10/21/23,23:04:24
10/21/23,23:04:28
10/21/23,23:08:17
10/21/23,23:08:18
10/21/23,23:09:36
10/21/23,23:15:23
10/21/23,23:16:29
10/21/23,23:29:02
10/21/23,23:30:08
10/21/23,23:46:51
10/21/23,23:53:24
10/21/23,23:53:57
10/21/23,0:03:56
10/21/23,0:11:41
10/21/23,1:07:58
10/21/23,1:35:08
10/21/23,1:45:31
10/21/23,1:48:14
10/21/23,1:54:15
10/21/23,1:55:21
10/21/23,2:00:48
10/21/23,2:39:00
10/21/23,2:39:02
10/21/23,2:39:10
10/21/23,2:50:00
10/21/23,2:50:40
10/21/23,2:51:12
10/21/23,3:16:34
10/21/23,3:37:10
10/21/23,3:45:13
10/21/23,3:46:10
10/21/23,3:57:41
10/21/23,3:57:42
10/21/23,4:00:07
10/21/23,4:22:07
10/21/23,4:42:39
10/21/23,4:44:05
10/21/23,4:46:49
10/21/23,4:49:00
10/21/23,4:56:24
10/21/23,4:59:20
10/21/23,4:59:22
10/21/23,5:03:21
10/21/23,5:04:16
10/21/23,5:04:58
10/21/23,5:36:51
10/21/23,5:55:21
10/21/23,5:56:24
10/21/23,6:06:19
10/21/23,6:07:47
10/21/23,6:07:52
10/21/23,6:09:02
10/21/23,6:10:39
10/21/23,6:11:07
10/21/23,6:11:20
10/21/23,6:12:18
10/21/23,6:14:50
10/21/23,6:14:58
10/21/23,6:17:56
10/21/23,6:20:34
10/21/23,6:23:43
10/21/23,6:24:14
10/21/23,6:26:02
10/21/23,6:30:25
10/21/23,6:35:34
10/21/23,6:40:40
10/21/23,6:41:18
10/21/23,6:41:18
10/21/23,6:44:33
10/21/23,6:47:55
10/21/23,6:48:17
10/21/23,6:49:22
10/21/23,6:49:29
10/21/23,6:51:35
10/21/23,6:51:36
10/21/23,6:51:50
10/21/23,6:52:43
10/21/23,6:54:04
10/21/23,6:57:19
10/21/23,6:57:21
10/22/23,18:23:16
10/22/23,18:24:27
10/22/23,18:31:19
10/22/23,18:33:10
10/22/23,18:34:03
10/22/23,18:36:45
10/22/23,18:37:07
10/22/23,18:37:30
10/22/23,18:38:01
10/22/23,18:39:08
10/22/23,18:39:08
10/22/23,18:39:20
10/22/23,18:40:32
10/22/23,18:55:30
10/22/23,18:55:53
10/22/23,19:03:54
10/22/23,19:13:54
10/22/23,19:27:42
10/22/23,19:44:37
10/22/23,19:44:39
10/22/23,19:45:55
10/22/23,19:45:56
10/22/23,20:07:54
10/22/23,20:08:27
10/22/23,20:08:39
10/22/23,20:10:06
10/22/23,20:16:26
10/22/23,20:21:33
10/22/23,20:22:06
10/22/23,20:36:19
10/22/23,20:56:08
10/22/23,20:59:09
10/22/23,20:59:09
10/22/23,21:16:09
10/22/23,21:29:22
10/22/23,21:55:41
10/22/23,21:57:44
10/22/23,22:01:06
10/22/23,22:18:44
10/22/23,22:35:11
10/22/23,22:40:12
10/22/23,22:40:13
10/22/23,22:45:13
10/22/23,22:52:45
10/22/23,22:56:08
10/22/23,22:56:09
10/22/23,23:08:46
10/22/23,23:24:47
10/22/23,23:43:04
10/22/23,23:43:10
10/22/23,23:53:11
10/22/23,23:53:12
10/22/23,23:57:03
10/22/23,0:25:12
10/22/23,0:26:23
10/22/23,0:26:40
10/22/23,0:27:22
10/22/23,0:30:22
10/22/23,0:40:43
10/22/23,0:53:04
10/22/23,0:53:04
10/22/23,0:54:12
10/22/23,1:06:07
10/22/23,1:08:54
10/22/23,1:14:14
10/22/23,1:15:55
10/22/23,1:22:39
10/22/23,1:24:08
10/22/23,1:24:08
10/22/23,1:26:47
10/22/23,1:38:44
10/22/23,1:41:20
10/22/23,1:50:29
10/22/23,1:54:47
10/22/23,1:54:49
10/22/23,1:55:10
10/22/23,1:56:53
10/22/23,2:02:21
10/22/23,2:07:21
10/22/23,2:07:21
10/22/23,2:28:01
10/22/23,2:33:18
10/22/23,2:33:39
10/22/23,2:35:05
10/22/23,2:49:15
10/22/23,2:56:09
10/22/23,2:59:00
10/22/23,2:59:06
10/22/23,3:02:43
10/22/23,3:15:15
10/22/23,3:17:25
10/22/23,3:20:04
10/22/23,3:20:05
10/22/23,3:22:16
10/22/23,3:24:45
10/22/23,3:27:41
10/22/23,3:39:51
10/22/23,3:42:44
10/22/23,4:02:46
10/22/23,4:18:53
10/22/23,4:18:54
10/22/23,4:22:50
10/22/23,4:22:58
10/22/23,4:23:01
10/22/23,4:23:39
10/22/23,4:27:28
10/22/23,4:31:28
10/22/23,4:31:34
10/22/23,4:31:38
10/22/23,4:31:38
10/22/23,4:32:21
10/22/23,4:32:25
10/22/23,4:36:19
10/22/23,4:38:37
10/22/23,4:42:19
10/22/23,4:42:20
10/22/23,4:42:22
10/22/23,4:42:27
10/22/23,4:42:28
10/22/23,4:42:29
10/22/23,4:42:30
10/22/23,4:43:43
10/22/23,4:47:27
10/22/23,5:02:43
10/22/23,5:07:46
10/22/23,5:10:04
10/22/23,5:19:48
10/22/23,5:24:25
10/22/23,5:33:53
10/22/23,5:37:57
10/22/23,5:41:52
10/22/23,5:42:00
10/22/23,5:44:13
10/22/23,5:46:22
10/22/23,5:48:30
10/22/23,5:48:38
10/22/23,5:53:22
10/22/23,5:55:49
10/22/23,5:58:29
10/22/23,5:58:54
10/22/23,6:02:55
10/22/23,6:06:01
10/22/23,6:06:57
10/22/23,6:08:29
10/22/23,6:09:09
10/22/23,6:09:09
10/22/23,6:09:14
10/22/23,6:13:26
10/22/23,6:13:56
10/22/23,6:14:26
10/22/23,6:15:49
10/22/23,6:20:17
10/22/23,6:20:49
10/22/23,6:21:24
10/22/23,6:22:52
10/22/23,6:25:03
10/22/23,6:25:50
10/22/23,6:27:14
10/22/23,6:30:51
10/22/23,6:30:53
10/22/23,6:32:59
10/22/23,6:33:00
10/22/23,6:33:53
10/22/23,6:35:13
10/22/23,6:35:19
10/22/23,6:35:20
10/22/23,6:35:27
10/22/23,6:35:27
10/22/23,6:36:19
10/22/23,6:36:27
10/22/23,6:39:11
10/22/23,6:40:02
10/22/23,6:40:34
10/22/23,6:46:17
10/22/23,6:48:05
10/22/23,6:48:07
10/22/23,6:48:07
10/22/23,6:48:39
10/22/23,6:49:40
10/22/23,6:54:23
10/22/23,6:56:53
10/22/23,6:56:58
10/22/23,6:57:20
10/22/23,6:57:34
10/23/23,18:23:36
10/23/23,18:32:35
10/23/23,18:33:22
10/23/23,18:36:26
10/23/23,18:39:18
10/23/23,19:12:31
10/23/23,19:27:23
10/23/23,19:37:44
10/23/23,19:38:53
10/23/23,19:39:27
10/23/23,19:49:32
10/23/23,20:17:15
10/23/23,20:17:15
10/23/23,20:22:46
10/23/23,20:31:36
10/23/23,20:32:01
10/23/23,20:32:56
10/23/23,21:00:36
10/23/23,21:15:04
10/23/23,21:45:21
10/23/23,21:58:18
10/23/23,21:58:51
10/23/23,22:01:13
10/23/23,22:03:13
10/23/23,22:03:24
10/23/23,22:04:51
10/23/23,22:04:51
10/23/23,22:05:24
10/23/23,22:17:56
10/23/23,22:25:25
10/23/23,22:30:50
10/23/23,22:32:17
10/23/23,22:33:34
10/23/23,22:33:34
10/23/23,22:35:19
10/23/23,22:49:19
10/23/23,22:55:29
10/23/23,23:01:22
10/23/23,23:46:49
10/23/23,23:47:07
10/23/23,23:47:07
10/23/23,23:47:10
10/23/23,23:54:20
10/23/23,23:55:55
10/23/23,23:57:42
10/23/23,23:57:42
10/23/23,0:09:22
10/23/23,0:21:36
10/23/23,0:22:54
10/23/23,0:23:06
10/23/23,0:23:09
10/23/23,0:23:10
10/23/23,0:23:12
10/23/23,0:23:15
10/23/23,0:23:15
10/23/23,0:27:31
10/23/23,0:27:31
10/23/23,0:28:21
10/23/23,0:30:16
10/23/23,0:36:25
10/23/23,0:43:59
10/23/23,0:45:00
10/23/23,0:50:52
10/23/23,0:53:10
10/23/23,1:03:25
10/23/23,1:03:25
10/23/23,1:03:38
10/23/23,1:08:14
10/23/23,1:08:24
10/23/23,1:12:15
10/23/23,1:16:01
10/23/23,1:19:11
10/23/23,1:19:18
10/23/23,1:19:19
10/23/23,1:20:15
10/23/23,1:20:16
10/23/23,1:20:17
10/23/23,1:25:26
10/23/23,1:33:19
10/23/23,1:33:21
10/23/23,1:33:23
10/23/23,1:34:22
10/23/23,1:35:20
10/23/23,1:39:32
10/23/23,1:39:37
10/23/23,1:45:21
10/23/23,1:45:21
10/23/23,1:50:08
10/23/23,1:54:39
10/23/23,1:58:03
10/23/23,1:58:44
10/23/23,1:58:49
10/23/23,1:58:49
10/23/23,1:58:55
10/23/23,1:59:12
10/23/23,2:07:46
10/23/23,2:07:46
10/23/23,2:08:22
10/23/23,2:10:02
10/23/23,2:17:39
10/23/23,2:26:25
10/23/23,2:26:28
10/23/23,2:38:23
10/23/23,2:41:02
10/23/23,2:45:05
10/23/23,2:45:33
10/23/23,2:46:04
10/23/23,2:47:59
10/23/23,2:48:18
10/23/23,2:48:37
10/23/23,2:51:20
10/23/23,2:51:39
10/23/23,2:53:14
10/23/23,2:55:25
10/23/23,2:59:10
10/23/23,3:09:10
10/23/23,3:09:25
10/23/23,3:14:56
10/23/23,3:17:35
10/23/23,3:18:09
10/23/23,3:20:03
10/23/23,3:20:30
10/23/23,3:20:58
10/23/23,3:22:12
10/23/23,3:22:16
10/23/23,3:22:56
10/23/23,3:24:21
10/23/23,3:24:32
10/23/23,3:24:48
10/23/23,3:24:48
10/23/23,3:24:59
10/23/23,3:26:21
10/23/23,3:27:00
10/23/23,3:29:46
10/23/23,3:29:49
10/23/23,3:29:52
10/23/23,3:29:52
10/23/23,3:29:56
10/23/23,3:30:01
10/23/23,3:30:06
10/23/23,3:30:08
10/23/23,3:33:09
10/23/23,3:36:48
10/23/23,3:36:48
10/23/23,3:43:11
10/23/23,3:44:13
10/23/23,3:44:21
10/23/23,3:56:00
10/23/23,3:59:09
10/23/23,4:00:52
10/23/23,4:13:49
10/23/23,4:17:03
10/23/23,4:18:49
10/23/23,4:29:38
10/23/23,4:31:53
10/23/23,4:46:46
10/23/23,4:50:15
10/23/23,4:50:29
10/23/23,4:50:29
10/23/23,4:53:50
10/23/23,4:53:55
10/23/23,4:54:57
10/23/23,4:57:28
10/23/23,5:00:47
10/23/23,5:04:04
10/23/23,5:05:30
10/23/23,5:05:34
10/23/23,5:05:39
10/23/23,5:05:41
10/23/23,5:05:45
10/23/23,5:05:49
10/23/23,5:05:52
10/23/23,5:05:55
10/23/23,5:05:56
10/23/23,5:06:04
10/23/23,5:06:08
10/23/23,5:06:12
10/23/23,5:06:16
10/23/23,5:06:16
10/23/23,5:06:23
10/23/23,5:06:24
10/23/23,5:06:27
10/23/23,5:06:34
10/23/23,5:06:36
10/23/23,5:06:38
10/23/23,5:06:39
10/23/23,5:06:44
10/23/23,5:07:00
10/23/23,5:07:03
10/23/23,5:09:51
10/23/23,5:12:09
10/23/23,5:16:11
10/23/23,5:16:31
10/23/23,5:19:52
10/23/23,5:20:08
10/23/23,5:20:12
10/23/23,5:26:56
10/23/23,5:26:56
10/23/23,5:31:24
10/23/23,5:33:22
10/23/23,5:37:28
10/23/23,5:37:38
10/23/23,5:44:51
10/23/23,5:51:11
10/23/23,5:51:42
10/23/23,5:53:00
10/23/23,5:53:20
10/23/23,5:53:40
10/23/23,5:53:44
10/23/23,5:53:44
10/23/23,5:53:46
10/23/23,5:53:51
10/23/23,5:53:59
10/23/23,5:56:03
10/23/23,5:56:16
10/23/23,5:56:19
10/23/23,5:56:19
10/23/23,5:56:47
10/23/23,5:59:09
10/23/23,6:00:53
10/23/23,6:01:22
10/23/23,6:01:31
10/23/23,6:02:05
10/23/23,6:05:52
10/23/23,6:06:56
10/23/23,6:09:37
10/23/23,6:09:37
10/23/23,6:09:47
10/23/23,6:10:04
10/23/23,6:11:22
10/23/23,6:11:26
10/23/23,6:11:56
10/23/23,6:13:40
10/23/23,6:14:20
10/23/23,6:15:15
10/23/23,6:17:21
10/23/23,6:17:51
10/23/23,6:18:12
10/23/23,6:18:12
10/23/23,6:18:43
10/23/23,6:19:40
10/23/23,6:23:14
10/23/23,6:25:31
10/23/23,6:27:16
10/23/23,6:28:20
10/23/23,6:28:33
10/23/23,6:29:16
10/23/23,6:30:24
10/23/23,6:31:58
10/23/23,6:35:40
10/23/23,6:36:38
10/23/23,6:36:57
10/23/23,6:39:14
10/23/23,6:39:37
10/23/23,6:39:39
10/23/23,6:40:14
10/23/23,6:41:10
10/23/23,6:41:26
10/23/23,6:41:30
10/23/23,6:41:31
10/23/23,6:46:05
10/23/23,6:47:22
10/23/23,6:47:47
10/23/23,6:48:09
10/23/23,6:48:12
10/23/23,6:48:13
10/23/23,6:48:33
10/23/23,6:48:34
10/23/23,6:49:45
10/23/23,6:51:47
10/23/23,6:53:43
10/23/23,6:54:07
10/23/23,6:54:56
10/23/23,6:55:03
10/23/23,6:55:47
10/23/23,6:56:23
10/23/23,6:57:34
10/24/23,18:22:29
10/24/23,18:24:10
10/24/23,18:26:47
10/24/23,18:34:30
10/24/23,18:38:56
10/24/23,18:38:56
10/24/23,18:40:07
10/24/23,18:56:37
10/24/23,18:57:05
10/24/23,19:06:14
10/24/23,19:07:49
10/24/23,19:29:50
10/24/23,19:33:56
10/24/23,19:53:03
10/24/23,19:56:45
10/24/23,20:03:13
10/24/23,20:10:51
10/24/23,20:10:51
10/24/23,20:10:54
10/24/23,20:10:59
10/24/23,20:11:02
10/24/23,20:11:09
10/24/23,20:11:17
10/24/23,20:11:20
10/24/23,20:11:20
10/24/23,20:11:27
10/24/23,20:54:04
10/24/23,20:54:13
10/24/23,21:20:14
10/24/23,21:23:04
10/24/23,21:23:04
10/24/23,21:23:13
10/24/23,21:24:10
10/24/23,21:48:08
10/24/23,21:52:55
10/24/23,21:56:40
10/24/23,22:21:18
10/24/23,22:24:10
10/24/23,22:35:39
10/24/23,22:40:26
10/24/23,22:40:51
10/24/23,22:49:12
10/24/23,22:51:12
10/24/23,22:53:20
10/24/23,22:53:32
10/24/23,22:53:32
10/24/23,22:54:26
10/24/23,22:55:35
10/24/23,22:55:52
10/24/23,22:57:47
10/24/23,22:57:54
10/24/23,23:05:50
10/24/23,23:06:37
10/24/23,23:21:56
10/24/23,23:24:47
10/24/23,23:26:48
10/24/23,23:28:18
10/24/23,23:45:23
10/24/23,23:46:08
10/24/23,23:46:25
10/24/23,23:47:45
10/24/23,23:48:56
10/24/23,23:49:05
10/24/23,23:49:05
10/24/23,23:50:39
10/24/23,23:51:44
10/24/23,23:52:20
10/24/23,23:53:04
10/24/23,23:53:04
10/24/23,23:57:51
10/24/23,23:57:51
10/24/23,0:02:17
10/24/23,0:16:16
10/24/23,0:16:32
10/24/23,0:16:40
10/24/23,0:17:04
10/24/23,0:18:16
10/24/23,0:23:05
10/24/23,0:41:01
10/24/23,0:47:04
10/24/23,1:05:00
10/24/23,1:20:20
10/24/23,1:38:07
10/24/23,2:02:11
10/24/23,2:02:36
10/24/23,2:02:43
10/24/23,2:02:49
10/24/23,2:03:00
10/24/23,2:05:33
10/24/23,2:07:49
10/24/23,2:12:28
10/24/23,2:12:52
10/24/23,2:59:28
10/24/23,2:59:28
10/24/23,3:01:37
10/24/23,3:06:23
10/24/23,3:06:23
10/24/23,3:09:10
10/24/23,3:16:51
10/24/23,3:23:36
10/24/23,3:26:24
10/24/23,3:26:24
10/24/23,3:35:49
10/24/23,3:55:24
10/24/23,3:55:24
10/24/23,4:08:40
10/24/23,4:32:10
10/24/23,4:32:17
10/24/23,4:32:17
10/24/23,4:32:20
10/24/23,4:32:23
10/24/23,4:32:25
10/24/23,4:34:35
10/24/23,4:37:10
10/24/23,4:37:51
10/24/23,4:40:27
10/24/23,4:41:41
10/24/23,4:41:57
10/24/23,4:48:51
10/24/23,5:02:58
10/24/23,5:03:06
10/24/23,5:03:49
10/24/23,5:05:32
10/24/23,5:06:31
10/24/23,5:06:38
10/24/23,5:07:30
10/24/23,5:09:56
10/24/23,5:12:18
10/24/23,5:17:17
10/24/23,5:21:36
10/24/23,5:35:53
10/24/23,5:45:31
10/24/23,5:48:09
10/24/23,5:56:18
10/24/23,5:56:25
10/24/23,5:58:19
10/24/23,5:59:57
10/24/23,6:01:13
10/24/23,6:01:54
10/24/23,6:05:50
10/24/23,6:05:51
10/24/23,6:17:35
10/24/23,6:22:10
10/24/23,6:31:40
10/24/23,6:35:06
10/24/23,6:36:01
10/24/23,6:36:01
10/24/23,6:41:28
10/24/23,6:43:43
10/24/23,6:44:00
10/24/23,6:45:07
10/24/23,6:51:09
10/24/23,6:51:35
10/24/23,6:51:35
10/24/23,6:55:10
10/24/23,6:57:25
10/25/23,18:32:22
10/25/23,18:33:37
10/25/23,18:38:42
10/25/23,18:38:49
10/25/23,18:57:51
10/25/23,19:00:12
10/25/23,19:05:35
10/25/23,19:07:54
10/25/23,19:12:01
10/25/23,19:13:16
10/25/23,19:16:06
10/25/23,19:29:31
10/25/23,19:31:53
10/25/23,19:33:30
10/25/23,19:47:32
10/25/23,19:49:22
10/25/23,19:54:51
10/25/23,19:57:27
10/25/23,20:02:41
10/25/23,20:21:11
10/25/23,20:21:11
10/25/23,20:35:17
10/25/23,20:51:10
10/25/23,20:54:12
10/25/23,21:14:54
10/25/23,21:17:58
10/25/23,21:25:33
10/25/23,21:27:15
10/25/23,21:36:10
10/25/23,21:39:43
10/25/23,21:44:44
10/25/23,21:47:41
10/25/23,21:48:05
10/25/23,21:59:32
10/25/23,21:59:32
10/25/23,22:06:36
10/25/23,22:08:05
10/25/23,22:10:05
10/25/23,22:12:02
10/25/23,22:20:30
10/25/23,22:24:18
10/25/23,22:26:52
10/25/23,22:27:32
10/25/23,22:36:02
10/25/23,22:44:30
10/25/23,22:53:36
10/25/23,22:53:40
10/25/23,22:53:45
10/25/23,22:59:26
10/25/23,23:00:54
10/25/23,23:01:10
10/25/23,23:03:34
10/25/23,23:05:37
10/25/23,23:09:10
10/25/23,23:15:28
10/25/23,23:31:40
10/25/23,23:41:40
10/25/23,23:47:22
10/25/23,0:07:35
10/25/23,0:08:55
10/25/23,0:14:47
10/25/23,0:15:58
10/25/23,0:17:44
10/25/23,0:22:53
10/25/23,0:29:49
10/25/23,0:31:06
10/25/23,0:37:23
10/25/23,0:41:31
10/25/23,0:45:37
10/25/23,0:45:56
10/25/23,0:49:57
10/25/23,0:50:41
10/25/23,0:52:32
10/25/23,0:56:21
10/25/23,1:00:50
10/25/23,1:01:22
10/25/23,1:04:40
10/25/23,1:13:46
10/25/23,1:24:39
10/25/23,1:30:23
10/25/23,1:37:15
10/25/23,1:53:41
10/25/23,1:59:58
10/25/23,2:07:56
10/25/23,2:14:22
10/25/23,2:37:07
10/25/23,2:43:47
10/25/23,2:45:32
10/25/23,2:56:53
10/25/23,3:20:33
10/25/23,3:25:34
10/25/23,3:26:15
10/25/23,3:29:07
10/25/23,3:32:19
10/25/23,3:34:44
10/25/23,3:43:06
10/25/23,3:43:11
10/25/23,3:46:57
10/25/23,3:51:12
10/25/23,3:56:17
10/25/23,4:10:18
10/25/23,4:11:56
10/25/23,4:12:53
10/25/23,4:16:21
10/25/23,4:22:37
10/25/23,4:23:10
10/25/23,4:32:02
10/25/23,4:35:22
10/25/23,4:37:55
10/25/23,4:51:47
10/25/23,4:55:52
10/25/23,5:02:37
10/25/23,5:06:44
10/25/23,5:11:46
10/25/23,5:19:57
10/25/23,5:29:05
10/25/23,5:32:54
10/25/23,5:39:08
10/25/23,5:39:41
10/25/23,5:53:18
10/25/23,5:53:30
10/25/23,6:05:50
10/25/23,6:07:30
10/25/23,6:21:09
10/25/23,6:22:43
10/25/23,6:23:35
10/25/23,6:27:58
10/25/23,6:28:01
10/25/23,6:29:19
10/25/23,6:35:36
10/25/23,6:55:46
10/26/23,18:22:39
10/26/23,18:22:39
10/26/23,18:26:18
10/26/23,18:28:00
10/26/23,18:29:46
10/26/23,18:34:43
10/26/23,18:54:08
10/26/23,19:03:03
10/26/23,19:11:16
10/26/23,19:28:53
10/26/23,19:30:47
10/26/23,19:33:14
10/26/23,19:33:55
10/26/23,20:05:06
10/26/23,20:05:24
10/26/23,20:08:52
10/26/23,20:14:23
10/26/23,20:15:18
10/26/23,20:15:22
10/26/23,20:15:22
10/26/23,20:20:15
10/26/23,20:31:41
10/26/23,20:39:21
10/26/23,20:45:40
10/26/23,20:48:16
10/26/23,20:49:15
10/26/23,20:59:50
10/26/23,21:03:38
10/26/23,21:07:30
10/26/23,21:20:36
10/26/23,21:22:04
10/26/23,21:25:54
10/26/23,21:27:44
10/26/23,21:35:20
10/26/23,21:37:32
10/26/23,21:37:39
10/26/23,21:37:40
10/26/23,21:43:33
10/26/23,21:46:20
10/26/23,21:51:10
10/26/23,21:51:56
10/26/23,22:34:49
10/26/23,22:38:41
10/26/23,22:42:09
10/26/23,22:42:09
10/26/23,23:13:19
10/26/23,23:15:43
10/26/23,23:21:37
10/26/23,23:33:34
10/26/23,23:52:32
10/26/23,23:54:11
10/26/23,23:54:25
10/26/23,23:56:50
10/26/23,0:04:15
10/26/23,0:10:01
10/26/23,0:15:08
10/26/23,0:34:24
10/26/23,0:37:33
10/26/23,0:43:38
10/26/23,0:43:38
10/26/23,0:43:58
10/26/23,0:44:21
10/26/23,0:48:12
10/26/23,1:04:10
10/26/23,1:37:51
10/26/23,1:38:25
10/26/23,2:09:33
10/26/23,2:10:11
10/26/23,2:22:58
10/26/23,2:24:16
10/26/23,2:35:06
10/26/23,2:43:34
10/26/23,2:57:04
10/26/23,3:03:58
10/26/23,3:05:19
10/26/23,3:17:41
10/26/23,3:20:09
10/26/23,3:21:06
10/26/23,3:27:11
10/26/23,3:27:31
10/26/23,3:28:30
10/26/23,3:41:27
10/26/23,3:45:50
10/26/23,3:46:01
10/26/23,3:47:47
10/26/23,3:47:48
10/26/23,4:05:25
10/26/23,4:05:26
10/26/23,4:27:11
10/26/23,4:31:25
10/26/23,4:35:30
10/26/23,4:35:30
10/26/23,4:49:47
10/26/23,4:58:04
10/26/23,5:02:36
10/26/23,5:02:37
10/26/23,5:03:45
10/26/23,5:11:10
10/26/23,5:23:09
10/26/23,5:31:19
10/26/23,5:33:05
10/26/23,5:42:15
10/26/23,5:45:48
10/26/23,5:52:42
10/26/23,5:57:45
10/26/23,5:58:06
10/26/23,5:58:06
10/26/23,5:59:30
10/26/23,6:05:50
10/26/23,6:10:30
10/26/23,6:23:26
10/26/23,6:26:13
10/26/23,6:27:04
10/26/23,6:27:16
10/26/23,6:36:59
10/26/23,6:37:24
10/26/23,6:40:48
10/26/23,6:42:39
10/26/23,6:52:09
10/26/23,6:56:05
10/27/23,18:34:03
10/27/23,18:43:02
10/27/23,18:43:10
10/27/23,19:01:25
10/27/23,19:14:37
10/27/23,19:28:54
10/27/23,19:37:02
10/27/23,19:45:06
10/27/23,20:12:55
10/27/23,20:16:06
10/27/23,20:16:13
10/27/23,20:30:32
10/27/23,20:41:24
10/27/23,20:54:00
10/27/23,21:09:18
10/27/23,21:14:14
10/27/23,21:31:08
10/27/23,21:48:31
10/27/23,21:58:30
10/27/23,22:05:42
10/27/23,22:07:22
10/27/23,22:12:05
10/27/23,22:18:11
10/27/23,22:52:45
10/27/23,22:52:45
10/27/23,23:13:00
10/27/23,23:13:00
10/27/23,23:15:36
10/27/23,23:26:46
10/27/23,23:30:26
10/27/23,23:47:09
10/27/23,23:51:15
10/27/23,0:04:26
10/27/23,0:11:14
10/27/23,0:24:44
10/27/23,0:26:28
10/27/23,0:30:19
10/27/23,0:57:53
10/27/23,0:58:56
10/27/23,1:00:11
10/27/23,1:17:26
10/27/23,1:19:04
10/27/23,1:39:02
10/27/23,1:40:07
10/27/23,1:45:47
10/27/23,1:53:53
10/27/23,2:01:49
10/27/23,2:02:20
10/27/23,2:10:00
10/27/23,2:36:49
10/27/23,2:54:01
10/27/23,2:59:06
10/27/23,2:59:07
10/27/23,3:10:33
10/27/23,3:17:39
10/27/23,3:18:17
10/27/23,3:18:17
10/27/23,3:18:25
10/27/23,3:19:43
10/27/23,3:21:16
10/27/23,3:29:39
10/27/23,3:32:14
10/27/23,3:35:43
10/27/23,3:39:02
10/27/23,3:59:15
10/27/23,4:01:08
10/27/23,4:06:15
10/27/23,4:12:06
10/27/23,4:22:16
10/27/23,4:36:05
10/27/23,4:52:37
10/27/23,5:10:16
10/27/23,5:10:16
10/27/23,5:14:01
10/27/23,5:37:26
10/27/23,5:46:46
10/27/23,5:47:54
10/27/23,5:52:58
10/27/23,5:57:38
10/27/23,6:06:14
10/27/23,6:09:06
10/27/23,6:10:39
10/27/23,6:21:22
10/27/23,6:27:55
10/27/23,6:29:39
10/27/23,6:45:06
10/27/23,6:47:06
10/27/23,6:52:43
10/27/23,6:56:22
10/28/23,18:45:02
10/28/23,18:45:45
10/28/23,18:48:24
10/28/23,18:50:00
10/28/23,18:57:34
10/28/23,18:58:15
10/28/23,19:12:10
10/28/23,19:14:50
10/28/23,19:21:20
10/28/23,19:23:43
10/28/23,19:25:58
10/28/23,19:26:44
10/28/23,19:28:08
10/28/23,19:28:51
10/28/23,19:38:58
10/28/23,19:53:51
10/28/23,19:54:40
10/28/23,19:57:36
10/28/23,19:59:02
10/28/23,20:07:40
10/28/23,20:16:59
10/28/23,20:29:13
10/28/23,20:30:34
10/28/23,20:30:47
10/28/23,20:33:47
10/28/23,20:42:08
10/28/23,20:48:55
10/28/23,20:56:51
10/28/23,20:58:10
10/28/23,21:13:00
10/28/23,21:29:02
10/28/23,21:29:48
10/28/23,21:33:48
10/28/23,21:45:15
10/28/23,22:04:08
10/28/23,22:14:41
10/28/23,22:21:12
10/28/23,22:21:19
10/28/23,22:24:51
10/28/23,22:30:15
10/28/23,22:36:19
10/28/23,22:36:57
10/28/23,22:55:57
10/28/23,22:55:58
10/28/23,22:57:49
10/28/23,22:57:49
10/28/23,23:05:58
10/28/23,23:31:37
10/28/23,23:41:59
10/28/23,23:47:27
10/28/23,23:48:42
10/28/23,23:48:42
10/28/23,23:52:45
10/28/23,23:54:40
10/28/23,23:55:37
10/28/23,23:55:37
10/28/23,0:01:23
10/28/23,0:08:10
10/28/23,0:08:10
10/28/23,0:10:43
10/28/23,0:22:58
10/28/23,0:23:19
10/28/23,0:27:26
10/28/23,0:32:28
10/28/23,0:40:57
10/28/23,0:44:58
10/28/23,0:51:04
10/28/23,1:12:13
10/28/23,1:26:47
10/28/23,1:26:47
10/28/23,1:34:38
10/28/23,1:47:08
10/28/23,1:54:10
10/28/23,2:05:29
10/28/23,2:07:56
10/28/23,2:08:35
10/28/23,2:08:57
10/28/23,2:20:50
10/28/23,2:26:50
10/28/23,2:28:34
10/28/23,2:35:13
10/28/23,2:38:04
10/28/23,2:39:24
10/28/23,2:40:08
10/28/23,2:50:24
10/28/23,2:53:30
10/28/23,2:54:48
10/28/23,2:55:13
10/28/23,2:55:33
10/28/23,2:58:10
10/28/23,2:58:52
10/28/23,2:59:23
10/28/23,3:09:28
10/28/23,3:37:25
10/28/23,3:41:15
10/28/23,3:41:15
10/28/23,3:50:58
10/28/23,3:54:41
10/28/23,3:58:37
10/28/23,3:59:15
10/28/23,4:03:30
10/28/23,4:05:40
10/28/23,4:06:47
10/28/23,4:08:41
10/28/23,4:08:59
10/28/23,4:15:52
10/28/23,4:18:31
10/28/23,4:22:20
10/28/23,4:27:43
10/28/23,4:33:33
10/28/23,4:33:33
10/28/23,5:14:56
10/28/23,5:15:24
10/28/23,5:21:56
10/28/23,5:29:10
10/28/23,5:29:14
10/28/23,5:29:14
10/28/23,5:41:36
10/28/23,5:49:58
10/28/23,5:52:33
10/28/23,6:02:49
10/28/23,6:05:33
10/28/23,6:07:36
10/28/23,6:10:49
10/28/23,6:18:22
10/28/23,6:19:38
10/28/23,6:20:55
10/28/23,6:23:38
10/28/23,6:25:31
10/28/23,6:27:36
10/28/23,6:40:36
10/28/23,6:46:46
10/28/23,6:46:46
10/28/23,6:47:17
10/28/23,6:51:39
10/29/23,18:33:20
10/29/23,18:35:01
10/29/23,18:36:14
10/29/23,18:36:14
10/29/23,18:44:05
10/29/23,18:50:30
10/29/23,18:55:25
10/29/23,19:09:27
10/29/23,19:13:03
10/29/23,19:21:31
10/29/23,19:26:28
10/29/23,19:58:27
10/29/23,20:02:09
10/29/23,20:07:41
10/29/23,20:09:12
10/29/23,20:20:15
10/29/23,20:29:03
10/29/23,20:33:37
10/29/23,21:10:14
10/29/23,21:10:15
10/29/23,21:14:51
10/29/23,21:21:59
10/29/23,21:39:02
10/29/23,21:52:16
10/29/23,22:00:55
10/29/23,22:08:36
10/29/23,22:15:53
10/29/23,22:24:40
10/29/23,22:29:23
10/29/23,23:15:31
10/29/23,23:24:38
10/29/23,23:26:24
10/29/23,23:29:25
10/29/23,23:29:49
10/29/23,23:30:20
10/29/23,23:33:02
10/29/23,23:35:12
10/29/23,0:00:42
10/29/23,0:00:59
10/29/23,0:01:18
10/29/23,0:01:24
10/29/23,0:11:44
10/29/23,0:20:33
10/29/23,0:33:37
10/29/23,0:34:31
10/29/23,0:35:16
10/29/23,0:35:18
10/29/23,0:35:25
10/29/23,0:35:41
10/29/23,0:40:38
10/29/23,0:40:38
10/29/23,0:43:08
10/29/23,0:57:00
10/29/23,0:57:54
10/29/23,0:58:33
10/29/23,0:59:16
10/29/23,1:30:00
10/29/23,1:56:55
10/29/23,2:17:22
10/29/23,2:23:25
10/29/23,2:28:38
10/29/23,2:36:30
10/29/23,2:37:57
10/29/23,2:40:04
10/29/23,2:40:33
10/29/23,2:40:33
10/29/23,2:43:54
10/29/23,2:53:42
10/29/23,2:55:47
10/29/23,3:00:21
10/29/23,3:00:25
10/29/23,3:00:34
10/29/23,3:18:13
10/29/23,3:19:05
10/29/23,3:20:39
10/29/23,3:30:01
10/29/23,3:33:50
10/29/23,3:53:52
10/29/23,3:53:52
10/29/23,3:54:04
10/29/23,3:59:21
10/29/23,4:04:29
10/29/23,4:11:23
10/29/23,4:11:23
10/29/23,4:17:27
10/29/23,4:17:27
10/29/23,4:32:10
10/29/23,4:50:19
10/29/23,4:50:19
10/29/23,5:04:45
10/29/23,5:17:34
10/29/23,5:19:10
10/29/23,5:24:50
10/29/23,5:37:16
10/30/23,18:44:18
10/30/23,18:47:31
10/30/23,18:48:56
10/30/23,18:55:13
10/30/23,19:03:17
10/30/23,19:08:46
10/30/23,19:16:33
10/30/23,19:25:03
10/30/23,19:30:30
10/30/23,19:30:31
10/30/23,19:47:56
10/30/23,19:54:18
10/30/23,19:55:08
10/30/23,20:00:26
10/30/23,20:00:26
10/30/23,20:05:53
10/30/23,20:24:45
10/30/23,20:25:28
10/30/23,20:27:11
10/30/23,20:27:25
10/30/23,20:29:44
10/30/23,20:29:55
10/30/23,20:39:05
10/30/23,20:53:24
10/30/23,21:01:17
10/30/23,21:07:41
10/30/23,21:07:41
10/30/23,21:14:30
10/30/23,21:16:48
10/30/23,21:21:30
10/30/23,21:21:30
10/30/23,21:26:15
10/30/23,21:41:24
10/30/23,21:44:31
10/30/23,21:54:59
10/30/23,21:58:25
10/30/23,21:59:31
10/30/23,22:05:56
10/30/23,22:09:25
10/30/23,22:11:28
10/30/23,22:11:32
10/30/23,22:16:06
10/30/23,22:20:25
10/30/23,22:23:06
10/30/23,22:23:12
10/30/23,22:29:24
10/30/23,22:36:52
10/30/23,22:52:40
10/30/23,22:53:21
10/30/23,22:53:38
10/30/23,22:55:35
10/30/23,22:56:56
10/30/23,22:57:00
10/30/23,22:57:57
10/30/23,22:59:32
10/30/23,23:00:31
10/30/23,23:01:41
10/30/23,23:05:15
10/30/23,23:12:44
10/30/23,23:16:28
10/30/23,23:24:48
10/30/23,23:25:22
10/30/23,23:43:10
10/30/23,23:47:49
10/30/23,23:54:16
10/30/23,23:55:00
10/30/23,23:57:54
10/30/23,23:58:28
10/30/23,0:02:47
10/30/23,0:08:34
10/30/23,0:24:26
10/30/23,0:27:25
10/30/23,0:30:29
10/30/23,0:32:14
10/30/23,0:36:37
10/30/23,0:49:27
10/30/23,0:50:54
10/30/23,1:00:39
10/30/23,1:05:30
10/30/23,1:07:48
10/30/23,1:12:03
10/30/23,1:12:05
10/30/23,1:22:04
10/30/23,1:34:43
10/30/23,1:41:51
10/30/23,1:43:07
10/30/23,1:43:35
10/30/23,1:45:55
10/30/23,1:49:32
10/30/23,1:52:05
10/30/23,2:11:19
10/30/23,2:21:45
10/30/23,2:27:56
10/30/23,2:31:39
10/30/23,2:35:00
10/30/23,2:35:00
10/30/23,2:36:14
10/30/23,2:42:30
10/30/23,2:44:53
10/30/23,2:48:05
10/30/23,3:02:05
10/30/23,3:07:00
10/30/23,3:13:38
10/30/23,3:16:08
10/30/23,3:22:21
10/30/23,3:32:21
10/30/23,3:32:58
10/30/23,3:37:29
10/30/23,3:41:14
10/30/23,3:43:38
10/30/23,3:48:54
10/30/23,3:51:39
10/30/23,3:52:36
10/30/23,4:03:48
10/30/23,4:13:20
10/30/23,4:14:04
10/30/23,4:16:19
10/30/23,4:20:59
10/30/23,4:35:11
10/30/23,4:39:21
10/30/23,4:41:33
10/30/23,4:42:49
10/30/23,4:53:51
10/30/23,4:57:45
10/30/23,5:02:03
10/30/23,5:22:33
10/30/23,5:25:13
10/30/23,5:26:39
10/30/23,5:29:04
10/30/23,5:29:52
10/30/23,5:29:55
10/30/23,5:31:47
10/30/23,5:40:19
10/30/23,5:47:03
10/30/23,5:51:53
10/30/23,5:51:53
10/30/23,5:52:50
10/30/23,5:52:53
10/30/23,5:58:20
10/30/23,5:59:01
10/30/23,5:59:31
10/30/23,6:10:50
10/30/23,6:12:44
10/30/23,6:13:28
10/30/23,6:18:45
10/30/23,6:18:45
10/30/23,6:20:50
10/30/23,6:21:41
10/30/23,6:21:41
10/30/23,6:24:25
10/30/23,6:26:51
10/30/23,6:26:53
10/30/23,6:29:52
10/30/23,6:39:04
10/30/23,6:42:33
10/30/23,6:42:33
10/30/23,6:45:37
10/30/23,6:55:04
10/30/23,6:55:36
10/31/23,18:22:57
10/31/23,18:24:34
10/31/23,18:25:44
10/31/23,18:27:45
10/31/23,18:30:40
10/31/23,18:42:52
10/31/23,18:45:10
10/31/23,18:47:45
10/31/23,19:07:59
10/31/23,19:09:28
10/31/23,19:14:33
10/31/23,19:16:56
10/31/23,19:21:53
10/31/23,19:24:31
10/31/23,19:28:51
10/31/23,19:30:24
10/31/23,19:33:32
10/31/23,19:38:37
10/31/23,19:39:17
10/31/23,19:43:50
10/31/23,19:45:03
10/31/23,19:46:37
10/31/23,19:49:40
10/31/23,19:49:40
10/31/23,19:55:39
10/31/23,20:01:00
10/31/23,20:05:33
10/31/23,20:15:14
10/31/23,20:16:48
10/31/23,20:18:24
10/31/23,20:26:53
10/31/23,20:38:02
10/31/23,21:19:03
10/31/23,21:29:10
10/31/23,21:30:06
10/31/23,21:33:41
10/31/23,21:34:59
10/31/23,21:35:00
10/31/23,21:37:52
10/31/23,21:38:18
10/31/23,21:38:19
10/31/23,21:39:30
10/31/23,21:41:44
10/31/23,21:51:09
10/31/23,21:57:36
10/31/23,22:06:33
10/31/23,22:13:55
10/31/23,22:14:54
10/31/23,22:14:54
10/31/23,22:15:42
10/31/23,22:23:31
10/31/23,22:25:55
10/31/23,22:42:13
10/31/23,22:48:59
10/31/23,23:06:25
10/31/23,23:13:55
10/31/23,23:18:35
10/31/23,23:20:21
10/31/23,23:27:31
10/31/23,23:28:46
10/31/23,23:30:16
10/31/23,23:36:45
10/31/23,23:36:53
10/31/23,23:36:53
10/31/23,23:38:01
10/31/23,23:38:44
10/31/23,23:48:59
10/31/23,23:50:49
10/31/23,23:52:59
10/31/23,0:10:57
10/31/23,0:12:04
10/31/23,0:25:03
10/31/23,0:32:11
10/31/23,0:37:29
10/31/23,0:37:29
10/31/23,0:44:09
10/31/23,0:45:44
10/31/23,0:50:13
10/31/23,0:57:11
10/31/23,0:57:34
10/31/23,1:00:17
10/31/23,1:06:56
10/31/23,1:08:24
10/31/23,1:18:17
10/31/23,1:26:16
10/31/23,1:37:02
10/31/23,1:40:52
10/31/23,1:43:20
10/31/23,1:43:40
10/31/23,2:07:51
10/31/23,2:10:09
10/31/23,2:13:28
10/31/23,2:14:44
10/31/23,2:23:44
10/31/23,2:36:02
10/31/23,2:36:43
10/31/23,2:38:11
10/31/23,2:38:42
10/31/23,2:39:00
10/31/23,2:40:55
10/31/23,2:49:31
10/31/23,2:51:28
10/31/23,2:51:29
10/31/23,2:55:27
10/31/23,3:09:17
10/31/23,3:25:51
10/31/23,3:27:28
10/31/23,3:31:53
10/31/23,3:31:53
10/31/23,3:34:08
10/31/23,3:46:23
10/31/23,3:50:32
10/31/23,3:52:31
10/31/23,3:59:23
10/31/23,4:08:36
10/31/23,4:17:07
10/31/23,4:31:34
10/31/23,4:35:29
10/31/23,4:42:42
10/31/23,4:48:34
10/31/23,4:53:17
10/31/23,4:53:52
10/31/23,4:57:36
10/31/23,4:59:28
10/31/23,5:06:27
10/31/23,5:08:22
10/31/23,5:11:42
10/31/23,5:15:00
10/31/23,5:17:12
10/31/23,5:17:14
10/31/23,5:21:26
10/31/23,5:32:18
10/31/23,5:35:50
10/31/23,5:38:09
10/31/23,5:39:29
10/31/23,5:40:59
10/31/23,5:52:43
10/31/23,5:58:24
10/31/23,6:00:22
10/31/23,6:07:47
10/31/23,6:08:05
10/31/23,6:17:05
10/31/23,6:19:02
10/31/23,6:20:19
10/31/23,6:26:32
10/31/23,6:32:08
10/31/23,6:32:57
10/31/23,6:51:22
10/31/23,6:53:26
10/31/23,6:53:44
10/31/23,6:56:59
10/31/23,6:57:31
11/01/23,18:32:10
11/01/23,18:32:31
11/01/23,18:32:35
11/01/23,18:34:18
11/01/23,18:34:19
11/01/23,18:34:42
11/01/23,18:38:09
11/01/23,18:39:06
11/01/23,18:43:23
11/01/23,18:44:18
11/01/23,18:55:37
11/01/23,18:55:56
11/01/23,19:17:06
11/01/23,19:25:55
11/01/23,19:27:31
11/01/23,19:32:55
11/01/23,19:38:53
11/01/23,19:41:32
11/01/23,19:44:24
11/01/23,19:58:08
11/01/23,19:58:58
11/01/23,20:01:39
11/01/23,20:09:15
11/01/23,20:13:42
11/01/23,20:20:23
11/01/23,20:23:53
11/01/23,20:25:31
11/01/23,20:26:46
11/01/23,20:29:20
11/01/23,20:45:25
11/01/23,20:49:05
11/01/23,20:53:13
11/01/23,21:00:29
11/01/23,21:03:32
11/01/23,21:15:32
11/01/23,21:22:37
11/01/23,21:35:02
11/01/23,21:35:02
11/01/23,21:37:13
11/01/23,21:41:08
11/01/23,21:47:16
11/01/23,21:56:49
11/01/23,22:05:01
11/01/23,22:05:02
11/01/23,22:13:45
11/01/23,22:17:40
11/01/23,22:18:30
11/01/23,22:25:46
11/01/23,22:31:27
11/01/23,22:33:35
11/01/23,22:41:34
11/01/23,22:50:18
11/01/23,23:03:10
11/01/23,23:11:38
11/01/23,23:22:59
11/01/23,23:23:35
11/01/23,23:45:06
11/01/23,23:52:48
11/01/23,23:53:29
11/01/23,23:58:37
11/02/23,18:07:32
11/02/23,18:17:47
11/02/23,18:29:09
11/02/23,18:47:50
11/02/23,18:54:02
11/02/23,19:20:04
11/02/23,19:23:48
11/02/23,19:30:02
11/02/23,19:37:45
11/02/23,19:37:52
11/02/23,19:39:53
11/02/23,19:42:34
11/02/23,19:45:02
11/02/23,19:46:41
11/02/23,19:57:20
11/02/23,19:59:24
11/02/23,20:08:12
11/02/23,20:18:46
11/02/23,20:20:51
11/02/23,20:22:52
11/02/23,20:23:07
11/02/23,20:27:03
11/02/23,20:27:03
11/02/23,20:30:33
11/02/23,20:31:35
11/02/23,20:36:21
11/02/23,20:58:44
11/02/23,21:00:22
11/02/23,21:01:50
11/02/23,21:04:03
11/02/23,21:06:07
11/02/23,21:18:38
11/02/23,21:25:12
11/02/23,21:25:13
11/02/23,21:38:36
11/02/23,21:40:39
11/02/23,21:55:44
11/02/23,22:02:47
11/02/23,22:02:48
11/02/23,22:03:14
11/02/23,22:08:51
11/02/23,22:13:33
11/02/23,22:18:09
11/02/23,22:22:20
11/02/23,22:24:14
11/02/23,22:31:04
11/02/23,22:32:32
11/02/23,22:33:13
11/02/23,22:36:22
11/02/23,22:37:16
11/02/23,22:38:43
11/02/23,22:44:03
11/02/23,22:50:11
11/02/23,22:52:36
11/02/23,22:52:37
11/02/23,22:52:40
11/02/23,23:27:49
11/02/23,23:30:11
11/02/23,23:33:44
11/02/23,23:37:37
11/02/23,23:43:46
11/02/23,23:45:55
11/02/23,23:47:12
11/02/23,23:48:31
11/02/23,23:58:14
11/02/23,0:05:16
11/02/23,0:08:41
11/02/23,0:20:08
11/02/23,0:20:43
11/02/23,0:25:26
11/02/23,0:31:07
11/02/23,0:36:55
11/02/23,0:43:08
11/02/23,0:43:54
11/02/23,0:48:35
11/02/23,0:53:57
11/02/23,0:54:31
11/02/23,1:35:08
11/02/23,1:41:03
11/02/23,1:53:54
11/02/23,2:03:24
11/02/23,2:04:50
11/02/23,2:04:50
11/02/23,2:08:49
11/02/23,2:09:37
11/02/23,2:12:23
11/02/23,2:23:38
11/02/23,2:29:33
11/02/23,2:37:47
11/02/23,2:40:21
11/02/23,2:44:39
11/02/23,2:45:15
11/02/23,2:55:38
11/02/23,3:19:45
11/02/23,3:19:49
11/02/23,3:22:54
11/02/23,3:27:49
11/02/23,3:28:15
11/02/23,3:36:02
11/02/23,3:37:37
11/02/23,3:46:32
11/02/23,3:47:44
11/02/23,3:48:37
11/02/23,3:55:03
11/02/23,4:16:09
11/02/23,4:17:28
11/02/23,4:26:07
11/02/23,4:26:36
11/02/23,4:29:21
11/02/23,4:29:40
11/02/23,4:33:47
11/02/23,4:40:47
11/02/23,4:41:55
11/02/23,4:45:55
11/02/23,4:46:54
11/02/23,4:52:32
11/02/23,4:53:24
11/02/23,4:57:16
11/02/23,4:59:25
11/02/23,5:03:58
11/02/23,5:04:06
11/02/23,5:04:07
11/02/23,5:04:39
11/02/23,5:05:29
11/02/23,5:18:35
11/02/23,5:29:47
11/02/23,5:34:08
11/02/23,5:37:38
11/02/23,5:39:13
11/02/23,5:41:00
11/02/23,5:52:22
11/02/23,5:54:13
11/02/23,5:54:53
11/02/23,6:17:00
11/02/23,6:23:32
11/02/23,6:27:02
11/02/23,6:55:07
11/02/23,6:55:59
11/02/23,7:00:10
11/02/23,7:00:23
11/02/23,7:01:35
11/02/23,7:02:53
11/02/23,7:09:16
11/02/23,7:09:36
11/02/23,7:11:40
11/03/23,18:24:13
11/03/23,18:33:54
11/03/23,18:42:59
11/03/23,18:55:14
11/03/23,18:56:48
11/03/23,19:11:00
11/03/23,19:13:00
11/03/23,19:44:36
11/03/23,19:44:36
11/03/23,19:52:21
11/03/23,19:58:36
11/03/23,20:20:30
11/03/23,20:20:30
11/03/23,20:21:47
11/03/23,20:43:42
11/03/23,20:54:35
11/03/23,20:58:35
11/03/23,20:59:17
11/03/23,21:33:07
11/03/23,21:34:53
11/03/23,21:35:12
11/03/23,21:41:18
11/03/23,21:41:18
11/03/23,21:41:20
11/03/23,21:53:40
11/03/23,22:13:00
11/03/23,22:50:31
11/03/23,22:56:18
11/03/23,23:17:53
11/03/23,23:26:39
11/03/23,23:27:18
11/03/23,0:22:13
11/03/23,1:10:32
11/03/23,2:45:20
11/03/23,2:56:58
11/03/23,3:10:15
11/03/23,3:27:12
11/03/23,4:26:17
11/03/23,4:31:28
11/03/23,5:41:54
11/03/23,5:42:23
11/03/23,5:55:24
11/03/23,6:01:47
11/03/23,6:02:07
11/03/23,6:27:27
11/03/23,6:54:41
11/04/23,18:10:36
11/04/23,18:55:24
11/04/23,18:58:03
11/04/23,18:58:03
11/04/23,18:58:34
11/04/23,18:58:34
11/04/23,18:58:53
11/04/23,19:00:40
11/04/23,19:01:50
11/04/23,19:02:03
11/04/23,19:02:09
11/04/23,19:13:45
11/04/23,19:14:10
11/04/23,19:14:30
11/04/23,19:15:19
11/04/23,19:15:34
11/04/23,19:17:58
11/04/23,20:37:50
11/04/23,20:45:34
11/04/23,21:11:15
11/04/23,21:15:13
11/04/23,21:26:43
11/04/23,21:37:04
11/04/23,21:37:10
11/04/23,21:37:49
11/04/23,21:38:01
11/04/23,21:39:08
11/04/23,21:42:42
11/04/23,21:42:48
11/04/23,21:42:53
11/04/23,22:02:04
11/04/23,22:26:54
11/04/23,22:36:52
11/04/23,23:06:01
11/04/23,23:44:05
11/04/23,23:44:05
11/04/23,23:44:22
11/04/23,23:44:58
11/04/23,23:48:07
11/04/23,23:52:27
11/04/23,0:02:40
11/04/23,0:02:58
11/04/23,0:03:25
11/04/23,0:04:09
11/04/23,0:04:40
11/04/23,0:06:07
11/04/23,0:06:53
11/04/23,0:06:58
11/04/23,0:20:18
11/04/23,0:30:14
11/04/23,0:31:39
11/04/23,0:34:36
11/04/23,0:41:20
11/04/23,1:03:01
11/04/23,2:08:39
11/04/23,2:28:16
11/04/23,2:28:16
11/04/23,2:28:27
11/04/23,2:29:19
11/04/23,2:29:25
11/04/23,2:31:00
11/04/23,2:54:15
11/04/23,4:10:18
11/04/23,4:19:28
11/04/23,4:27:55
11/04/23,4:28:21
11/04/23,4:28:22
11/04/23,4:29:19
11/04/23,4:29:56
11/04/23,4:30:07
11/04/23,4:30:49
11/04/23,4:32:36
11/04/23,4:50:47
11/04/23,4:50:56
11/04/23,4:51:28
11/04/23,4:52:01
11/04/23,4:52:09
11/04/23,4:52:34
11/04/23,4:52:42
11/04/23,4:52:50
11/04/23,5:10:13
11/04/23,5:13:21
11/04/23,5:15:47
11/04/23,5:15:54
11/04/23,5:15:57
11/04/23,5:15:59
11/04/23,5:44:55
11/04/23,5:45:02
11/04/23,5:45:02
11/04/23,5:46:24
11/04/23,5:46:29
11/04/23,5:47:11
11/04/23,5:47:34
11/04/23,5:59:39
11/04/23,5:59:44
11/04/23,5:59:47
11/04/23,6:02:37
11/04/23,6:05:26
11/04/23,6:09:58
11/04/23,6:09:58
11/04/23,6:16:49
11/04/23,6:16:55
11/04/23,6:17:01
11/04/23,6:26:00
11/04/23,6:29:21
11/05/23,18:08:17
11/05/23,18:09:06
11/05/23,18:09:36
11/05/23,18:10:35
11/05/23,18:10:50
11/05/23,18:11:05
11/05/23,18:25:11
11/05/23,18:40:13
11/05/23,18:45:32
11/05/23,18:59:12
11/05/23,18:59:15
11/05/23,18:59:16
11/05/23,18:59:22
11/05/23,19:33:34
11/05/23,19:49:50
11/05/23,19:52:47
11/05/23,20:04:09
11/05/23,20:04:09
11/05/23,20:04:19
11/05/23,20:04:32
11/05/23,20:04:32
11/05/23,20:05:50
11/05/23,20:05:51
11/05/23,20:05:54
11/05/23,20:07:54
11/05/23,20:09:39
11/05/23,20:13:00
11/05/23,20:13:06
11/05/23,20:28:10
11/05/23,20:28:10
11/05/23,20:32:20
11/05/23,20:32:46
11/05/23,20:32:46
11/05/23,20:32:53
11/05/23,20:33:42
11/05/23,20:34:15
11/05/23,20:35:33
11/05/23,20:36:18
11/05/23,20:36:22
11/05/23,20:40:02
11/05/23,20:44:46
11/05/23,20:55:04
11/05/23,20:59:19
11/05/23,21:03:29
11/05/23,21:03:30
11/05/23,21:14:05
11/05/23,21:24:34
11/05/23,21:32:11
11/05/23,21:32:11
11/05/23,21:46:02
11/05/23,21:48:48
11/05/23,21:57:18
11/05/23,22:02:51
11/05/23,22:26:31
11/05/23,22:26:58
11/05/23,22:27:16
11/05/23,22:27:16
11/05/23,22:32:48
11/05/23,22:34:30
11/05/23,22:42:10
11/05/23,22:42:14
11/05/23,22:42:48
11/05/23,22:42:51
11/05/23,22:42:55
11/05/23,22:42:56
11/05/23,22:55:49
11/05/23,22:55:50
11/05/23,22:55:53
11/05/23,22:55:54
11/05/23,22:55:57
11/05/23,22:58:55
11/05/23,23:00:58
11/05/23,23:01:01
11/05/23,23:01:01
11/05/23,23:01:05
11/05/23,23:01:05
11/05/23,23:01:36
11/05/23,23:01:36
11/05/23,23:01:45
11/05/23,23:06:08
11/05/23,23:07:30
11/05/23,23:13:39
11/05/23,23:13:43
11/05/23,23:15:12
11/05/23,23:16:08
11/05/23,23:19:48
11/05/23,23:22:06
11/05/23,23:22:06
11/05/23,23:22:11
11/05/23,23:22:16
11/05/23,23:25:30
11/05/23,23:25:36
11/05/23,23:25:36
11/05/23,23:25:39
11/05/23,23:25:39
11/05/23,23:29:04
11/05/23,23:35:17
11/05/23,23:36:07
11/05/23,23:36:08
11/05/23,23:37:31
11/05/23,23:42:14
11/05/23,23:42:18
11/05/23,23:43:00
11/05/23,23:48:22
11/05/23,23:55:54
11/05/23,23:55:59
11/05/23,23:55:59
11/05/23,23:56:03
11/05/23,23:56:07
11/05/23,23:56:09
11/05/23,23:56:11
11/05/23,23:58:13
11/05/23,23:58:14
11/05/23,0:00:14
11/05/23,0:09:28
11/05/23,0:09:28
11/05/23,0:09:58
11/05/23,0:12:25
11/05/23,0:12:26
11/05/23,0:23:31
11/05/23,0:23:32
11/05/23,0:26:04
11/05/23,0:26:18
11/05/23,0:47:45
11/05/23,0:56:14
11/05/23,1:12:09
11/05/23,1:12:09
11/05/23,1:12:13
11/05/23,1:12:22
11/05/23,1:17:51
11/05/23,1:18:58
11/05/23,1:18:58
11/05/23,1:23:37
11/05/23,1:23:50
11/05/23,1:24:59
11/05/23,1:32:07
11/05/23,1:32:14
11/05/23,1:35:27
11/05/23,1:35:36
11/05/23,1:35:40
11/05/23,1:35:40
11/05/23,1:35:44
11/05/23,1:35:48
11/05/23,1:35:52
11/05/23,1:35:55
11/05/23,1:35:57
11/05/23,1:35:58
11/05/23,1:35:58
11/05/23,1:35:59
11/05/23,1:36:01
11/05/23,1:36:02
11/05/23,1:36:05
11/05/23,1:36:13
11/05/23,1:42:40
11/05/23,1:43:11
11/05/23,1:43:23
11/05/23,1:43:23
11/05/23,1:43:26
11/05/23,1:44:53
11/05/23,1:44:55
11/05/23,1:44:58
11/05/23,1:45:19
11/05/23,1:45:48
11/05/23,1:45:49
11/05/23,1:46:08
11/05/23,2:05:41
11/05/23,2:07:59
11/05/23,2:11:23
11/05/23,2:11:28
11/05/23,2:11:30
11/05/23,2:21:00
11/05/23,2:21:04
11/05/23,2:21:07
11/05/23,2:21:07
11/05/23,2:34:42
11/05/23,2:34:42
11/05/23,2:39:21
11/05/23,2:47:47
11/05/23,2:48:16
11/05/23,2:56:34
11/05/23,3:04:08
11/05/23,3:04:08
11/05/23,3:05:32
11/05/23,3:27:35
11/05/23,3:35:38
11/05/23,3:36:37
11/05/23,3:42:08
11/05/23,3:42:23
11/05/23,3:54:00
11/05/23,4:23:33
11/05/23,4:23:34
11/05/23,4:23:48
11/05/23,4:24:00
11/05/23,4:24:00
11/05/23,4:24:19
11/05/23,4:24:19
11/05/23,4:27:04
11/05/23,4:40:50
11/05/23,4:49:25
11/05/23,4:57:53
11/05/23,4:58:38
11/05/23,5:10:46
11/05/23,5:13:58
11/05/23,5:25:26
11/05/23,5:32:29
11/05/23,5:32:31
11/05/23,5:32:33
11/05/23,5:32:33
11/05/23,5:32:37
11/05/23,5:44:47
11/05/23,5:55:55
11/05/23,5:55:56
11/05/23,6:16:21
11/05/23,6:16:28
11/05/23,6:25:24
11/05/23,6:25:24
11/05/23,6:32:04